customer_id,name,email,gender,signup_date,city,country
1,Gregory Williams,thomasmoore@example.net,Female,2025-07-05,Christopherborough,Belize
2,Carol Gomez,christophersandoval@example.org,Female,2025-04-28,West Mary,Pakistan
3,Victor Washington,pmorris@example.org,Female,2024-09-05,Ericborough,Iran
4,Heather Miller,brianamorales@example.org,Other,2025-02-28,Richardhaven,Lithuania
5,Theresa Waller,leonardangel@example.org,Male,2023-11-15,Bullockmouth,Togo
6,Christopher Reyes,rjoseph@example.com,Other,2023-11-23,Lake Jason,Morocco
7,Zachary Washington,kpotter@example.net,Other,2025-05-03,Robertbury,Estonia
8,Ashley White,nvaughan@example.org,Female,2024-02-04,Lake Todd,Sierra Leone
9,Cody Chavez,sextonkyle@example.com,Female,2024-02-22,North Victoriamouth,Nepal
10,Rachel Simpson,juliastanley@example.com,Male,2024-08-01,Lake Gina,China
11,Donna Vargas MD,justin10@example.com,Other,2024-05-19,New Ericchester,Jordan
12,John Wong,staffordrobert@example.com,Other,2025-02-15,Lake Kelsey,Madagascar
13,Jon Mitchell,michael53@example.org,Other,2024-01-18,West Robinview,Albania
14,Erik Anderson,marcus46@example.com,Other,2023-11-18,Schultzstad,Seychelles
15,Jessica Terry,jacksweeney@example.org,Female,2024-06-11,Karenmouth,Cocos (Keeling) Islands
16,Thomas Williams,mdavis@example.org,Male,2025-09-21,East Dawn,Burundi
17,Victoria Collins,hestrada@example.com,Female,2025-11-02,North Nathanbury,Singapore
18,Rebecca Lee,higginsamber@example.com,Male,2025-01-16,East Tanner,Russian Federation
19,Misty Adkins,lhamilton@example.net,Other,2025-01-01,West David,Guyana
20,Ronald Allison,callison@example.com,Female,2025-05-31,Port Derrick,Barbados
21,Tracy Payne,zbrooks@example.net,Female,2024-02-17,Gonzalezshire,Macao
22,James Craig,annadixon@example.com,Female,2025-07-30,New Melanie,Netherlands
23,Brian Tran,patriciajones@example.org,Female,2025-10-15,Greerfurt,Tunisia
24,William Miller,petergibson@example.com,Male,2024-07-01,Wrightshire,Myanmar
25,Jason Carter,albert20@example.com,Female,2023-12-19,West Brendaview,Canada
26,Elizabeth Baker,nicholas26@example.org,Female,2025-01-31,Rogerchester,Saint Lucia
27,Michelle Carr,frankpotter@example.com,Male,2024-10-21,New Grace,Togo
28,Terri Clark,joshuaray@example.com,Male,2024-06-06,Sueland,Heard Island and McDonald Islands
29,Natalie Clements,velezdevin@example.com,Female,2024-02-18,Lake Ronald,Croatia
30,Amber Day,calhounedward@example.com,Other,2025-02-20,Rodneyhaven,Saint Lucia
31,Richard Dyer,arnoldandrew@example.org,Male,2025-02-20,Stevenview,Belgium
32,Robin Gregory,nicholas24@example.net,Female,2024-02-18,South John,Brazil
33,Dennis Powers,russellemily@example.org,Male,2024-09-03,Lake Brianna,Antigua and Barbuda
34,Terry Chavez,daniellebowen@example.net,Male,2024-08-17,West Brian,Morocco
35,Jacqueline Davenport,amandapalmer@example.org,Other,2025-01-07,East Tyroneland,South Africa
36,Danielle Smith,derrickfarley@example.com,Male,2024-09-30,South Jon,Ukraine
37,Jennifer Davis,benjaminhebert@example.net,Female,2023-12-15,Taylorport,Greenland
38,Jason Scott,bushcarlos@example.net,Female,2025-10-28,Danielstad,Cyprus
39,Joseph Eaton,iberry@example.com,Male,2024-07-20,New Kenneth,Nigeria
40,Michael Carter,lisaphillips@example.com,Other,2024-07-18,Morganland,Niue
41,Shannon George,justin18@example.org,Female,2024-06-08,Kevinport,Lithuania
42,Darryl Lane,katherine53@example.com,Other,2025-10-26,South Sherri,Norfolk Island
43,Holly Whitaker,jeremy54@example.com,Other,2025-05-06,West Kristinfort,Finland
44,James Gates,brittany04@example.com,Other,2024-12-07,East Juanberg,Guatemala
45,Jeffrey Terry,jeffreykoch@example.net,Male,2025-05-14,East Megan,Gibraltar
46,Autumn Tucker,sarahparks@example.com,Other,2024-02-06,Evansfort,Guyana
47,Sabrina Robertson,dcooper@example.net,Female,2025-10-20,South Williamview,Lebanon
48,Taylor Espinoza,joseph36@example.net,Male,2024-05-14,Lake Jefferyburgh,Russian Federation
49,Jason Miller,pamchurch@example.com,Other,2024-10-04,Lake Lori,Algeria
50,Brenda Johnson,fernandezjennifer@example.net,Other,2024-05-10,Marcburgh,Burundi
51,Kimberly Alvarez,qjohnson@example.org,Male,2024-06-10,Port Lindachester,Bangladesh
52,Carol White,thomasdeanna@example.org,Other,2025-09-23,North Samanthaberg,Sudan
53,Vincent Mccall,lanemisty@example.net,Other,2025-04-30,Lake Richard,Brunei Darussalam
54,Jeanette Tate,stephaniemccullough@example.org,Male,2025-05-31,Port Juliaport,Thailand
55,Steven Rogers,jenniferdyer@example.net,Male,2025-04-22,Hernandezton,Niue
56,Heather Murphy,ufrey@example.org,Other,2024-06-01,Port James,Angola
57,Timothy Chase,mccarthyjohn@example.com,Male,2024-04-04,Greerburgh,Bahrain
58,Jared Kelly,tbryant@example.com,Male,2025-06-12,East Michaelbury,Cocos (Keeling) Islands
59,James Bird,knorton@example.com,Other,2025-04-12,Susanchester,Barbados
60,Christopher Andrews,onicholson@example.org,Male,2024-04-21,Donnachester,French Southern Territories
61,Deborah Carter,mitchelljennifer@example.org,Other,2025-10-01,Phillipstad,Malaysia
62,Cynthia Lester,wbrown@example.com,Female,2025-11-11,Davidberg,Panama
63,Sarah Guerrero,regina45@example.net,Other,2024-11-12,Diazton,Senegal
64,Mary Anderson,samantha15@example.com,Female,2025-03-28,Deanburgh,Montserrat
65,Dr. Kara Schmidt DVM,zwagner@example.com,Male,2024-09-05,Port Erin,Papua New Guinea
66,Kara Sloan,kevin64@example.net,Female,2024-12-28,West Lisaborough,Kiribati
67,Dawn Day,bbarton@example.com,Male,2024-01-20,Baldwinhaven,Wallis and Futuna
68,Christopher Craig,shieldsnicholas@example.org,Female,2024-12-05,South Brandon,Honduras
69,Lindsey Sharp,baxtertravis@example.org,Other,2023-11-23,Natalieland,Benin
70,Michael Ward,tinagordon@example.org,Female,2024-11-16,West Kevinside,Antarctica (the territory South of 60 deg S)
71,Robert Foster,steven42@example.net,Female,2024-06-05,Arielberg,Palestinian Territory
72,Mark Weber,fochoa@example.net,Male,2024-10-05,South Stevenmouth,Reunion
73,Alex Black,mkelly@example.org,Male,2024-07-05,Gibbsview,Israel
74,Brianna Berg,jessicamcbride@example.com,Other,2024-06-01,East Stacey,Belize
75,Whitney Gaines,rebeccasantos@example.com,Other,2025-05-29,Shieldsborough,Iraq
76,Eric Green,stephaniepoole@example.org,Female,2024-06-28,Ginaborough,Cameroon
77,Terri Velasquez,martin34@example.net,Other,2025-05-23,Tylerport,Uzbekistan
78,Tonya Johnson,patrickrivers@example.com,Male,2024-03-29,Port Kevin,Eritrea
79,Amanda Miller,pbanks@example.com,Female,2025-03-01,West Stephanie,Paraguay
80,Melinda Miller,lopezdebbie@example.net,Other,2024-11-01,Williamsstad,Turkmenistan
81,Elizabeth Skinner,harrisonmark@example.org,Male,2025-06-30,Port Laurafurt,Anguilla
82,Raymond Davila,jobrien@example.com,Male,2025-07-30,Jeffreyside,Solomon Islands
83,Aaron Francis,anthonywashington@example.org,Other,2024-04-19,Amandashire,Kuwait
84,Christina Banks DDS,epacheco@example.org,Other,2025-01-07,New Jeffery,Comoros
85,Reginald Benjamin,michelle48@example.org,Other,2024-09-22,Johnville,San Marino
86,Heather Smith,erinlewis@example.com,Male,2024-06-08,Taylortown,Northern Mariana Islands
87,William Pearson,jorgeosborne@example.org,Male,2025-04-20,Petersview,Romania
88,Matthew Crosby,llarsen@example.org,Female,2024-10-18,Port Paul,Norway
89,Amanda Daugherty,lynchjacob@example.net,Male,2024-05-19,New Shellyberg,Gambia
90,Rodney Duncan,sross@example.net,Other,2025-11-01,Lake Isaac,Bouvet Island (Bouvetoya)
91,Christopher French,colejacob@example.net,Other,2023-12-15,Zacharychester,Slovakia (Slovak Republic)
92,Erik Davis,cherylmeyers@example.net,Other,2025-06-07,West Melanie,Uzbekistan
93,Donna Wilson,walkerrebecca@example.org,Male,2024-05-31,Davidsonstad,North Macedonia
94,Mr. Edward Wright,jimmymarshall@example.com,Other,2025-07-04,Port Meagan,United Arab Emirates
95,Nicole Williams,grivera@example.org,Other,2024-12-11,New Brucebury,China
96,Amanda Reed,jeffreyharrington@example.com,Other,2025-11-05,Madisonburgh,New Caledonia
97,Ryan Evans,jacksonrichard@example.com,Male,2024-06-12,Thomasburgh,Greenland
98,Tanner Copeland,halllouis@example.org,Other,2024-07-08,North Jayville,Senegal
99,Dr. Joseph Davis,edavis@example.com,Other,2025-03-02,Port Terri,Dominican Republic
100,Theodore Ayers,richard57@example.org,Male,2024-07-17,Kimberlyview,Reunion
101,Billy Dean,lancezhang@example.net,Other,2024-05-11,Bryanland,Micronesia
102,Amber Morrow,johnsmith@example.com,Other,2025-06-01,North Lindsay,Panama
103,Diane Scott,williamsnathaniel@example.com,Female,2024-10-18,Kimberlyberg,Solomon Islands
104,Russell Hughes,jason36@example.com,Female,2024-10-24,New Karen,Brazil
105,Dawn Munoz,david64@example.net,Male,2024-07-19,South Joshua,Mauritania
106,Matthew Taylor,alexandrachapman@example.net,Female,2024-02-09,East Lynnbury,French Guiana
107,Jeremy Spence,matthewmason@example.com,Female,2025-06-23,Jonesstad,Australia
108,Ruth Lowe,jamiehart@example.org,Male,2024-10-08,Novakhaven,Belarus
109,Margaret Richards,alicia22@example.net,Female,2024-07-29,Sotofurt,United States of America
110,Sierra Anderson,blairbrittney@example.net,Male,2025-03-22,Erikland,Saudi Arabia
111,Meghan Wagner,wardluis@example.org,Other,2024-12-17,East Nicolehaven,Russian Federation
112,Michele Jackson,rickhill@example.com,Other,2024-06-21,Johnburgh,Seychelles
113,Sarah Farmer,ksharp@example.net,Female,2025-03-28,Brownport,Azerbaijan
114,Amber Olson,miranda01@example.net,Female,2025-11-13,Medinaside,Gambia
115,Thomas Rios,matagary@example.org,Other,2025-03-03,East Katherineshire,Turks and Caicos Islands
116,Jonathan White,chavezmiguel@example.org,Female,2024-09-23,South Tracytown,Iraq
117,Jeffrey Fuller,lewisheather@example.com,Other,2024-03-28,Nicholastown,Ukraine
118,Robert Stone,deborahhowell@example.com,Female,2025-03-16,Tuckerside,Antarctica (the territory South of 60 deg S)
119,Troy Moody,caldwelljeffrey@example.net,Female,2025-01-13,West Robertfurt,Saint Helena
120,Ashley Fernandez,okeller@example.net,Female,2025-08-05,Kimberlyview,Christmas Island
121,David Graves,changdaniel@example.org,Male,2025-05-29,Oconnellland,British Virgin Islands
122,Jessica Lawrence,rarnold@example.net,Male,2025-08-23,North Ashley,Honduras
123,Theodore Taylor,lonnie91@example.net,Other,2025-06-18,New Nicolehaven,Ethiopia
124,Peter Barnett,troyandrews@example.com,Other,2025-03-23,South Ashleyburgh,Montserrat
125,Alvin Suarez,kcooper@example.org,Female,2024-09-15,Kimberlystad,Haiti
126,James Bridges,franciscomiller@example.com,Other,2024-12-22,North Laura,Cyprus
127,Brandon Pierce,uwalker@example.com,Female,2024-12-01,Michaelhaven,Switzerland
128,Gary Green,morgankelly@example.org,Female,2025-05-14,Port Jake,Kuwait
129,Matthew Rivas,nicholaseverett@example.org,Other,2024-07-01,New Ryanchester,Guinea
130,Michelle Hernandez,valeriedonovan@example.com,Male,2025-05-08,South Graceview,Suriname
131,Alejandro Martin,longrebecca@example.net,Male,2025-05-15,East Lawrence,Palau
132,Jamie Miller,oburton@example.org,Female,2025-09-29,New Jeffrey,Indonesia
133,Victoria Morrison,adamstiffany@example.net,Other,2024-10-27,New Abigailberg,Cote d'Ivoire
134,Anna Clark,vbrewer@example.org,Female,2023-11-29,Singhport,Thailand
135,Erica Robinson,lbarrett@example.net,Male,2024-04-04,Jasonborough,Tuvalu
136,Keith Soto,warias@example.org,Female,2024-10-27,Lake Mark,Guam
137,Linda Henderson,tracie83@example.net,Other,2024-12-11,South Cassandrahaven,Armenia
138,Sarah Hudson,steven07@example.org,Male,2025-10-28,New Elizabeth,Mayotte
139,Lynn Hamilton,rebekah25@example.net,Other,2025-06-27,West Jon,Saint Helena
140,Dorothy Bell,daniellebaker@example.net,Other,2025-10-18,Lake Maureenview,Senegal
141,Michelle Garner,ebest@example.org,Male,2024-12-29,Port Anthonyfort,Sri Lanka
142,David Murphy,irwinsteven@example.org,Female,2025-01-22,Heatherberg,Marshall Islands
143,Johnny Fuller,wolfjeanne@example.com,Female,2025-07-25,South Kurt,Mayotte
144,Karen Ortega,clarkbrittany@example.net,Other,2025-08-28,South Sharonton,Vietnam
145,Robert Smith,gmyers@example.net,Female,2025-09-15,Jasminemouth,Guam
146,Brittany Edwards,jessica57@example.com,Male,2025-02-25,Port Cynthia,Uruguay
147,Joseph Barnes,johnsonomar@example.com,Other,2025-05-20,Port Monica,Algeria
148,Madison Mcbride,nathaniel78@example.org,Male,2023-12-20,Brookestad,Isle of Man
149,Andrew Kelley,davidmorgan@example.com,Male,2025-02-03,Fieldsside,Saint Martin
150,Amber May,tyrone20@example.net,Female,2024-06-11,Port Patrickstad,Swaziland
151,Justin Moore,lauriesmith@example.org,Other,2025-05-11,Lake Caitlinfurt,Lithuania
152,Ralph Ortiz,bryanfoster@example.com,Female,2025-10-29,South Pennytown,Dominica
153,Jessica Fox,qmartinez@example.com,Other,2025-11-03,Rebeccamouth,French Southern Territories
154,Michael Hayes,bakerjustin@example.net,Female,2024-12-25,East Sherrymouth,Sudan
155,Franklin Martinez,nprice@example.com,Female,2025-04-20,Bakerstad,Nauru
156,Ashley Campbell,bakerandrea@example.com,Other,2024-08-03,Victoriafurt,Rwanda
157,Bonnie Dunn,jessicamorton@example.org,Female,2024-04-06,West Patricia,Cuba
158,William Cross,jimmyedwards@example.net,Female,2023-12-06,Carlosview,Bolivia
159,Jason Hawkins,rebecca89@example.com,Male,2025-11-04,Valenciafort,San Marino
160,Brooke Mejia,stephenjames@example.org,Female,2025-03-25,South Elizabeth,Armenia
161,Derek Curry,patricksanchez@example.net,Other,2024-07-21,West Cindy,Venezuela
162,Jesse Pena,john63@example.com,Male,2024-07-22,Port William,Equatorial Guinea
163,Johnathan Wu,barnold@example.net,Male,2024-09-20,Amyland,Christmas Island
164,Jennifer Haley,hernandezsarah@example.org,Male,2024-06-24,West Christopher,Montenegro
165,James Perry,john24@example.com,Female,2025-08-14,Williammouth,Costa Rica
166,Eric Elliott,gilmoremario@example.org,Other,2025-10-30,Beasleychester,Comoros
167,Jessica Dawson,glasscraig@example.com,Other,2024-11-15,Jasmineborough,Cape Verde
168,Monique Chang,grant14@example.com,Male,2024-12-10,New Stevenshire,Czech Republic
169,Laura Saunders,awells@example.org,Male,2024-09-22,East Sarah,Kenya
170,Stephanie Ponce,powellmelinda@example.org,Female,2024-04-10,North Ericberg,Christmas Island
171,Linda Garrett,bondjennifer@example.net,Male,2024-04-21,North Erica,Faroe Islands
172,Kerry Robbins,jmoran@example.com,Male,2024-07-09,South Johnberg,Mozambique
173,Shane Randall,shanebarry@example.org,Female,2023-12-19,Bergmouth,Taiwan
174,Cheyenne Brown,keith85@example.com,Female,2024-10-10,Pottermouth,Norway
175,Abigail Coleman,padillakyle@example.org,Male,2025-09-26,West Daniel,Saint Kitts and Nevis
176,Sandra Pierce,oscarblack@example.com,Female,2024-09-13,South Brendamouth,Canada
177,Jennifer Myers,matthew10@example.org,Other,2025-10-31,Edwardsburgh,Malaysia
178,Terri Gutierrez,kmitchell@example.net,Male,2024-05-11,Reidfurt,Honduras
179,Melissa Neal,robertford@example.net,Female,2024-06-26,West Claireborough,Seychelles
180,Holly Gonzalez,melissaschneider@example.com,Male,2025-08-30,East Steven,Togo
181,Ryan Maldonado,bjackson@example.org,Female,2025-07-08,South Michael,Australia
182,Jessica Weber,dawn93@example.net,Male,2024-08-12,Josephton,Serbia
183,Jason Doyle,bcrawford@example.org,Female,2025-05-02,Karenchester,Luxembourg
184,Mary James,cindy69@example.org,Female,2025-07-02,Christophershire,Jersey
185,Emily Ford DVM,lwelch@example.com,Female,2024-09-28,Glennfort,Bolivia
186,Michelle Francis,hannahdavis@example.com,Female,2024-05-29,Davismouth,Uganda
187,Michael Valencia,crawfordsharon@example.org,Male,2024-08-10,Acostamouth,Solomon Islands
188,Jennifer Lynch,melindamatthews@example.net,Other,2024-08-16,Laurachester,Brunei Darussalam
189,Joseph Adams,roseherbert@example.net,Other,2024-10-05,Waltonhaven,Iran
190,Sarah Gonzalez,john86@example.org,Female,2024-04-28,Karenbury,Tajikistan
191,Victor Hardy,pnash@example.com,Male,2024-05-23,Port Heidiview,Guam
192,Anna Arnold,cherylpierce@example.net,Other,2024-04-18,Cookborough,United States Minor Outlying Islands
193,Guy Patel,christensenclaudia@example.org,Female,2025-03-03,Port Ryan,French Guiana
194,Rachel Moses,krista30@example.net,Female,2025-01-23,Jessehaven,Cuba
195,Jacob Mcdonald,vhernandez@example.org,Other,2025-10-16,Port Michaelberg,Estonia
196,Ashley Palmer,barajasanthony@example.com,Other,2024-06-29,Justinstad,Nauru
197,Marc Villarreal,phillip99@example.org,Other,2025-01-30,Hansonville,Kazakhstan
198,Tyler Cook,rbaker@example.net,Male,2024-02-09,New Kristie,Syrian Arab Republic
199,Matthew Meadows,hammondlori@example.net,Other,2025-07-31,South Shelly,Bangladesh
200,Monique Palmer,fordwilliam@example.net,Male,2024-02-06,New Sandraborough,Mali
201,Sarah Lawrence,tylerwilson@example.com,Other,2024-09-13,New Anthony,Pakistan
202,Mr. Joseph Martinez PhD,patricia69@example.com,Other,2025-09-16,Leetown,United Kingdom
203,John Bryant,gmcclure@example.org,Female,2025-07-28,Christensenfurt,American Samoa
204,Steven Collier,stephanie53@example.org,Female,2024-04-16,Morganland,Norfolk Island
205,Corey Zavala,wilsonkim@example.com,Female,2023-11-18,East Kaylaton,Tanzania
206,Matthew Reynolds,aimeejackson@example.net,Female,2024-06-07,Lake Thomas,New Caledonia
207,Susan Cross,murrayhannah@example.com,Other,2025-04-08,West Markland,Bulgaria
208,Jasmine Carroll,dgarner@example.net,Male,2024-11-22,Matthewmouth,New Zealand
209,Willie Rhodes,richard59@example.org,Other,2025-09-10,Keithmouth,British Virgin Islands
210,Amanda Dudley,greencaitlyn@example.org,Other,2024-04-29,New Megan,India
211,Andre Brown,robertrivera@example.com,Other,2025-05-20,West Jakebury,Togo
212,Francisco Fowler,tamaramartin@example.org,Other,2024-01-10,New Eric,Mali
213,Sean Houston,zhutchinson@example.net,Male,2025-03-29,Emilyside,Saint Kitts and Nevis
214,Randall Bell,albert72@example.org,Other,2024-03-05,South Sheilaborough,Brazil
215,Jill Griffith,garciawilliam@example.com,Other,2025-05-27,Port Williamhaven,Comoros
216,Edward Porter,zbrennan@example.net,Female,2025-08-26,Jillchester,Singapore
217,Nicole Boyle,herringrichard@example.net,Other,2023-12-22,Nguyentown,Cook Islands
218,Sean Wheeler,prichardson@example.net,Male,2024-07-18,Port Michaelfurt,French Guiana
219,Natalie Johnson,cody78@example.com,Female,2024-01-02,Lake Michaelbury,Uganda
220,Mikayla Mitchell,hesstheresa@example.org,Female,2025-10-30,Port Benjamin,Bolivia
221,Wayne Lamb,jennifermaldonado@example.org,Male,2025-07-15,Beniteztown,Zimbabwe
222,Aaron Ward,kcarter@example.org,Female,2024-01-24,North Eddieberg,Madagascar
223,Dan Hernandez,perezsusan@example.com,Male,2024-05-12,Robbinsbury,Georgia
224,Stephanie Lopez,petersondanielle@example.org,Other,2025-09-07,Solismouth,Djibouti
225,Jenny Johnson,nancyparsons@example.com,Male,2024-11-02,Tinaside,Antigua and Barbuda
226,Jacob Andrews,paulseth@example.com,Other,2025-10-28,New Rebecca,El Salvador
227,Dakota Richards,mpatterson@example.net,Other,2024-11-03,New Brendahaven,Madagascar
228,Olivia Brown,james05@example.org,Male,2024-08-28,Lake Rebecca,China
229,Carol Hayes,jessica87@example.com,Male,2025-01-29,Lake James,Afghanistan
230,Gina Estrada,lauren81@example.net,Other,2024-06-20,New Kimport,Guyana
231,Jeffrey Velasquez,gallegosshannon@example.org,Male,2025-06-27,Georgetown,Azerbaijan
232,Nicholas Smith,scottavila@example.org,Other,2025-10-28,South Rubenland,Puerto Rico
233,Frank Wilson,rlawrence@example.com,Female,2025-10-30,Kellyton,Bulgaria
234,Eric Phillips,hjohnson@example.net,Female,2024-10-26,New James,United States Virgin Islands
235,Jennifer Brown,robertgonzales@example.com,Other,2025-07-02,Davisfort,India
236,Kayla Crawford,nathaniel52@example.net,Female,2024-03-30,West Nicole,Sweden
237,Tami Hill,peggybutler@example.com,Other,2025-09-24,Carolyntown,Bulgaria
238,Lucas Baker,epowell@example.net,Female,2024-03-23,Alantown,Chad
239,Richard Noble,cameroncurtis@example.org,Other,2025-10-01,New Rodneyland,Indonesia
240,Stephanie Stein,anthonyreilly@example.org,Other,2025-03-07,Patriciaport,Israel
241,Scott Johnson,jenna33@example.com,Male,2025-05-17,Port Crystalland,Maldives
242,Christopher Gilbert,ilogan@example.net,Female,2023-11-30,South Richard,Kuwait
243,Donald White,harrissamantha@example.net,Other,2024-05-02,Morrisfort,Cambodia
244,Kenneth Smith,george54@example.net,Other,2023-12-12,New Derrick,Sri Lanka
245,Patricia Reed,victoria28@example.com,Female,2024-02-27,New Jacquelineville,Ukraine
246,Theresa Anderson,nunezmelanie@example.com,Other,2024-01-06,East Alyssaton,Vietnam
247,Kenneth Murray,hannah00@example.org,Other,2025-01-24,New Hannah,Luxembourg
248,Christopher Garcia,brian22@example.net,Female,2025-01-12,East Neil,Bosnia and Herzegovina
249,Robert Holden,albert38@example.net,Male,2025-07-20,Andersonshire,Gambia
250,Monica Bailey,juan60@example.org,Other,2024-12-08,Sotohaven,Hong Kong
251,Harold Frank,joseph74@example.com,Male,2024-08-26,West Rebecca,Switzerland
252,Michelle Ellis,jonesjoshua@example.org,Male,2024-12-03,Lake Taylorton,Benin
253,Christine Rodriguez,joseph97@example.com,Female,2024-01-31,Pamelatown,France
254,William Smith,cynthiahogan@example.com,Female,2025-01-13,North Lisaland,Bosnia and Herzegovina
255,Darlene Armstrong,dgarcia@example.net,Other,2024-04-06,South Anthony,Togo
256,Maria Robinson,hcarter@example.org,Female,2024-04-15,West George,Tuvalu
257,Jennifer Perez,rowlandmatthew@example.net,Male,2025-02-01,New Martinmouth,Swaziland
258,Scott Rogers,foxjasmine@example.com,Male,2025-05-28,Port Marychester,Spain
259,Aaron Thomas,james40@example.net,Female,2025-01-15,New Rebeccaport,Madagascar
260,Anthony Young,yjohnston@example.org,Male,2024-07-01,West Donald,Norway
261,Sandra Davis,joycejames@example.org,Other,2024-08-30,Thompsonfort,Lebanon
262,Adam Francis,sarah66@example.com,Other,2025-02-14,Erinton,Lao People's Democratic Republic
263,Bradley Hoover,michaeljordan@example.org,Other,2024-02-04,Keyport,Israel
264,Hannah Pugh,ganderson@example.com,Female,2024-10-18,Zhangberg,Germany
265,Steven Velasquez,hendersonanne@example.org,Female,2025-01-17,Robertchester,Isle of Man
266,Lisa Davis,jacob79@example.net,Male,2025-03-29,Fullermouth,Nicaragua
267,David Rodriguez,gainesjohn@example.org,Other,2025-11-09,Jeffreyfort,Croatia
268,Katherine Perez,currymichael@example.org,Female,2024-03-02,Kyleport,Western Sahara
269,Herbert Munoz,lindsay08@example.net,Female,2024-12-13,Mcmahonbury,Thailand
270,Mr. Jeffrey Barker II,ismith@example.net,Male,2024-03-12,Jefferyshire,Peru
271,Darryl Sanders,pfoster@example.org,Male,2024-04-12,Lake Joseph,Argentina
272,Melinda Anderson,claudiabates@example.org,Female,2025-07-02,Moseshaven,Argentina
273,Corey Dean,smathews@example.org,Other,2023-12-06,Brightview,Thailand
274,Jesse Morales,carlosjohnson@example.com,Male,2023-11-16,South Christopherchester,Congo
275,Benjamin Williams,kaylakeller@example.org,Other,2024-06-05,Martinezton,Myanmar
276,Steven Anderson,xdonovan@example.com,Female,2025-04-14,North Paigeville,Belgium
277,John Martinez,bboyd@example.net,Female,2024-03-27,Lake Cathyport,Dominica
278,David Hernandez,kingtammy@example.net,Male,2025-06-26,Georgeview,Portugal
279,Seth Martinez,perrycarlos@example.net,Female,2024-08-17,South Deanna,Korea
280,Jonathan Berg,pmoreno@example.org,Other,2024-10-18,North Darlenefurt,Lithuania
281,Alison Miller,janethuffman@example.com,Other,2024-05-11,West Shaneborough,Argentina
282,Caroline Steele,bobbyhancock@example.com,Other,2025-09-19,Youngberg,Indonesia
283,Mark Walker,gordonkaren@example.org,Female,2025-03-12,Briannaport,Argentina
284,Matthew Horton,nathanmejia@example.org,Male,2024-10-13,Cherylstad,Seychelles
285,Jeffrey Atkins,michael50@example.net,Other,2025-07-19,Lake Barbara,British Indian Ocean Territory (Chagos Archipelago)
286,Bryan Hunter,michaellee@example.com,Male,2024-10-31,North Rebecca,Djibouti
287,Danielle Chandler,garzadavid@example.net,Female,2024-11-21,Reneeland,Micronesia
288,Jessica Estes,leekelly@example.com,Female,2023-11-21,South Danielborough,Guadeloupe
289,Gregory Moyer,westkylie@example.com,Other,2024-02-02,Pattersonbury,Afghanistan
290,Michael Ashley,zachary63@example.org,Male,2025-06-03,Johnsontown,Ethiopia
291,Jason Manning,veronica13@example.net,Female,2025-07-14,Port Theresaport,Saudi Arabia
292,Anthony Barnes,colemannancy@example.com,Female,2024-06-24,Frostshire,Austria
293,Jordan Juarez,mcompton@example.net,Male,2025-01-21,Hodgesside,Congo
294,Shawn Jones,zrodriguez@example.com,Other,2024-06-03,East Andrefort,Cape Verde
295,Jeremy Miller,nicolemedina@example.org,Other,2025-01-10,Lake Maria,Heard Island and McDonald Islands
296,Michael Vasquez,freemanalbert@example.com,Other,2025-04-14,Wisetown,Czech Republic
297,Erin Rodriguez,nwalls@example.net,Female,2024-08-31,Port Katherineland,Benin
298,Katrina Patel,ortizlisa@example.org,Male,2024-06-13,North Albertchester,Saint Kitts and Nevis
299,Michelle Mccoy,pwhite@example.org,Male,2024-04-26,Brownhaven,Cape Verde
300,Mr. Philip Matthews,webstercourtney@example.net,Female,2024-05-07,North Sara,Guinea-Bissau
301,Terri Case,ymoore@example.com,Female,2024-05-06,Port Christopher,Poland
302,Brenda Garcia,zachary27@example.org,Female,2025-08-14,Adamstown,Bolivia
303,Christopher Carpenter,randy08@example.com,Other,2024-01-11,Port Haleyshire,Samoa
304,Tyrone Davis,sparksandrew@example.net,Female,2024-04-04,South Cassandramouth,Bermuda
305,Dr. Amanda Wilson,thowell@example.net,Female,2024-02-16,East Jeffreychester,Saint Helena
306,Jennifer Spencer,lisa23@example.com,Male,2024-01-24,West Gregoryhaven,Belarus
307,Sheri Walker,jeffrey42@example.org,Other,2024-09-01,Montoyashire,Montserrat
308,Jeremy Harmon,aabbott@example.net,Male,2024-07-21,Edwardstown,Saint Helena
309,Wendy Burton,hcole@example.org,Female,2024-09-16,New Jonathanhaven,Austria
310,Scott Gonzalez,lisathomas@example.org,Female,2023-12-08,West Suzanne,Greece
311,John White MD,meagan46@example.net,Female,2024-02-13,South Lorettabury,Croatia
312,Olivia Miller,kelly14@example.org,Male,2025-09-24,South Susan,Andorra
313,Eric Galvan,nwilliams@example.com,Female,2025-08-25,New Josephton,Palau
314,Abigail Flores MD,xavila@example.com,Other,2024-12-28,East Traceychester,Tajikistan
315,Regina Robinson,hernandezthomas@example.com,Other,2025-03-24,East Brenda,United States Virgin Islands
316,Jeremy Green,nedwards@example.net,Other,2025-10-11,North Aaronland,Norfolk Island
317,Stephanie Campbell,brightlaura@example.org,Other,2024-10-17,New Roy,Guinea
318,Heather Rodriguez,sharonsummers@example.com,Female,2024-09-21,Lake Jonathan,United Arab Emirates
319,Geoffrey Miller,vreese@example.com,Other,2025-09-14,Burnsside,Netherlands Antilles
320,James Wallace,harrisdavid@example.org,Male,2025-09-14,North Matthew,Iran
321,Ruben Hurst,simmonsjoseph@example.com,Female,2024-01-28,East Johnton,Croatia
322,Denise Strong,karenstephenson@example.org,Other,2024-10-27,Lake Dominique,United States of America
323,Michael Wade,scott53@example.net,Other,2024-08-22,West Daniel,French Guiana
324,David Salinas,sandra69@example.net,Other,2024-12-15,Port Derrick,Portugal
325,Shannon Whitaker,kyle66@example.net,Male,2024-02-02,East Scottton,Ethiopia
326,Mrs. Brenda Wiley,michael48@example.com,Male,2025-06-02,West Sandrafurt,Georgia
327,Jessica Cobb,rjones@example.org,Female,2025-10-24,Rowefort,Gabon
328,Joseph Jones,tsmith@example.com,Other,2025-06-07,North Travis,Mali
329,Madison Jacobson DDS,ianbryant@example.com,Female,2024-11-10,Lake Richard,Reunion
330,Ronald White,virginia32@example.org,Male,2024-05-23,Kellyborough,Myanmar
331,Daniel Garcia,robert99@example.com,Female,2025-10-14,Port Sheilabury,Japan
332,Andrew Tran,dorothygonzales@example.org,Female,2025-06-10,East Jennifer,Georgia
333,Regina Moore,azimmerman@example.org,Other,2024-10-18,Port Jason,Czech Republic
334,Michael Dixon,williamsryan@example.net,Male,2025-06-28,Brandonside,Morocco
335,Michael Mendoza,rchavez@example.org,Male,2024-10-21,Michaeltown,Marshall Islands
336,Vickie Fox,mblake@example.org,Female,2025-02-28,Michaelfurt,San Marino
337,Christy Hernandez,sbell@example.com,Female,2024-11-17,Jenkinsville,Azerbaijan
338,Daniel Branch,dphillips@example.org,Other,2025-11-13,New Jonathan,Heard Island and McDonald Islands
339,Lisa Garcia,ocohen@example.org,Other,2024-07-19,Wellshaven,Botswana
340,Richard Everett,sthomas@example.com,Other,2025-06-22,Mcbrideview,Luxembourg
341,Benjamin Davila,mlane@example.com,Female,2024-01-01,Danaville,Uzbekistan
342,Brian Mccormick,kbaker@example.com,Other,2024-12-07,Timothyland,Argentina
343,Jacob Arnold,amandahoffman@example.org,Male,2025-08-14,East Jason,Australia
344,Patricia Garcia,thughes@example.com,Female,2024-01-28,West Johnville,Sierra Leone
345,Nancy Snyder,mhall@example.com,Female,2025-04-21,Marthastad,Fiji
346,Gabriela Hensley,kennedyamanda@example.net,Female,2024-01-16,Boylefort,Guinea-Bissau
347,Stephanie Porter,sullivanjoseph@example.com,Male,2024-03-30,West Gabriela,Latvia
348,Robin Mcdaniel,kristina99@example.net,Other,2025-08-15,Thomaschester,Malta
349,Bernard Davis,stewartgregory@example.com,Male,2024-04-04,Luisland,Falkland Islands (Malvinas)
350,John Payne,villegasrichard@example.org,Female,2025-05-01,Brittanyview,Brazil
351,Kelly Jones,gomezbrooke@example.com,Male,2024-05-29,Lake Jacob,Haiti
352,Brenda Kelly,pattersonlori@example.org,Other,2024-07-20,North Rachel,Lithuania
353,April Rodriguez,allisontammy@example.org,Other,2025-07-28,South Tammie,Barbados
354,Shawn Wong,bhubbard@example.org,Female,2024-08-22,Burtonhaven,Syrian Arab Republic
355,David Daniels,qjohnson@example.net,Female,2023-12-14,Robertfurt,Cayman Islands
356,Randall Rodriguez,peckalexis@example.net,Other,2024-02-18,Ryanfurt,Libyan Arab Jamahiriya
357,Cindy Ballard,ocarter@example.net,Other,2024-03-15,Johnsonside,New Caledonia
358,Ryan Moore,xwilliamson@example.net,Male,2024-08-12,Meganport,Somalia
359,John Walsh,graymaria@example.com,Male,2024-10-16,Port Chelsea,Papua New Guinea
360,Deanna Boyd,ysullivan@example.net,Female,2025-06-22,Port Elizabeth,Bhutan
361,Kelsey Cochran,mark63@example.com,Male,2024-03-30,Lake Brandon,Papua New Guinea
362,Ryan Rangel,phillipspatrick@example.org,Other,2024-08-19,South Erin,Gabon
363,Brooke Johnson,cortezthomas@example.org,Male,2025-10-21,South Larryside,Pitcairn Islands
364,Melissa Hernandez,fisherelizabeth@example.net,Other,2025-10-04,South Jennifer,Niger
365,Peter Bishop,michael96@example.net,Female,2024-09-18,Jessicaberg,France
366,Jonathan Reyes,lsullivan@example.net,Male,2024-07-15,New Katiebury,United States Minor Outlying Islands
367,Joseph Hernandez,pjordan@example.org,Male,2024-06-29,Michaelmouth,Bahamas
368,Patrick Smith,gcervantes@example.com,Other,2025-01-28,Mariabury,North Macedonia
369,Taylor Lawson,martinezpeter@example.org,Male,2024-12-11,Anthonyport,Brazil
370,Cody Lewis,erinnovak@example.net,Other,2024-11-26,Marcberg,Cote d'Ivoire
371,Fred Richardson,brianabaker@example.com,Female,2024-11-17,South Marymouth,Christmas Island
372,Jose White,alyssawood@example.org,Male,2024-11-04,South Angelicaberg,Northern Mariana Islands
373,Jesus Lang DDS,frankcrawford@example.org,Male,2025-11-10,Lake Joshuaview,Korea
374,Vanessa Conley,reeddavid@example.net,Other,2023-11-19,Port Cynthiachester,Armenia
375,Nicole Jones,marvin85@example.net,Male,2025-11-05,Nancyport,Haiti
376,Andre Ford,mbrown@example.net,Male,2025-10-28,Millerstad,Kyrgyz Republic
377,Steven Johnson,kurtmitchell@example.net,Male,2025-07-05,Jonesshire,New Zealand
378,Jacob Mora,samantha92@example.net,Other,2024-10-25,Richardsonburgh,Croatia
379,Andrew Harper,jacksonsteven@example.com,Other,2024-03-02,New Jasmine,Bahrain
380,Jennifer Butler,arivas@example.com,Female,2025-11-03,Walkerbury,Somalia
381,David Johnson,wileyphilip@example.net,Male,2024-05-02,Sarafurt,Ghana
382,Kevin Smith,cohenjackie@example.net,Other,2024-04-09,Tarahaven,Greece
383,Kyle Lee,ntorres@example.org,Male,2025-01-18,New Barbaramouth,Paraguay
384,Timothy Mora,olivia32@example.net,Female,2025-05-19,Robinsonside,Somalia
385,Brian Johnson,williamcook@example.org,Male,2024-09-04,Port Kimberlymouth,Korea
386,Tracy Brooks,dodonnell@example.org,Female,2024-06-22,North Arthur,Western Sahara
387,Anthony Kerr,ccarter@example.org,Female,2024-10-29,West Kristopher,Costa Rica
388,Anna Williams,teresa47@example.net,Other,2025-04-22,Paulahaven,Norfolk Island
389,Caroline Jackson,johnsonemma@example.com,Female,2025-05-21,Aguirreburgh,Equatorial Guinea
390,Barbara Clark,robinsoncrystal@example.org,Female,2024-07-19,Mcdonaldbury,Belgium
391,Holly Collins,richardvincent@example.com,Other,2024-08-23,Lindaview,South Georgia and the South Sandwich Islands
392,Wendy Best,stephenhunter@example.net,Other,2024-08-24,Masonborough,Faroe Islands
393,Benjamin Johnston,ctyler@example.org,Female,2025-01-11,Smithmouth,Canada
394,Natalie Jordan,andreharris@example.net,Other,2024-01-15,Hernandezchester,Turkmenistan
395,Linda Rivera,oliviabarton@example.net,Female,2024-05-20,South Jessicaburgh,Qatar
396,Gail Michael,scottrobert@example.net,Other,2025-05-14,West Dannyport,Bulgaria
397,Larry Hunter,davisjames@example.org,Male,2024-04-29,Juarezbury,Iceland
398,Jacqueline Boyer,mercerglenn@example.com,Other,2024-05-27,North Elizabethchester,Togo
399,Stephen Middleton,sherrismith@example.com,Other,2024-07-02,Jeffreystad,Oman
400,Steven Mills,justin47@example.com,Male,2024-03-06,New Morganstad,Mongolia
401,Richard Valdez,cohenpamela@example.com,Male,2025-04-19,Port Jessicamouth,Peru
402,Mark Aguilar,williamsbrian@example.net,Male,2025-03-08,East Bradleyfort,American Samoa
403,Natasha Hernandez,michelle83@example.net,Female,2025-03-18,North Aaron,Togo
404,Jerome Nguyen,smithtyler@example.com,Female,2024-03-04,Port Katherine,Congo
405,Kevin Long,nhunt@example.com,Other,2025-08-01,Paulamouth,Taiwan
406,Richard Griffin,sgrant@example.net,Other,2025-03-17,Lake John,Madagascar
407,Maria Vang,abigail84@example.org,Male,2025-06-15,Ryanport,Ukraine
408,David Soto,irwinkimberly@example.com,Other,2024-09-03,West Kevin,Micronesia
409,John Black,qbrown@example.net,Female,2024-10-03,North Patricia,Equatorial Guinea
410,Glen Decker,boyletammy@example.net,Female,2025-03-12,Kristinahaven,Central African Republic
411,Steven Alvarez,jamesmartin@example.org,Other,2024-05-03,New Samantha,Colombia
412,Jennifer Dougherty,tammycruz@example.net,Other,2024-01-05,Brandonshire,Namibia
413,Rachel Booth,qpierce@example.org,Other,2024-05-30,Port Georgetown,Guinea-Bissau
414,Julie White,gpeterson@example.org,Female,2025-06-17,Frankville,Cuba
415,Elizabeth Patterson,ojarvis@example.net,Female,2025-09-13,East Alicia,Pakistan
416,Lisa Adams,robertmann@example.com,Other,2025-10-17,Justinchester,Congo
417,Brenda Gross,dwayne84@example.org,Other,2025-06-03,South John,Mayotte
418,Jordan Monroe,joshua46@example.net,Female,2025-05-18,South Melanie,Sao Tome and Principe
419,Sean Wolf,kristin45@example.com,Female,2024-11-29,Jeremymouth,Pitcairn Islands
420,Nicole Fischer,heather82@example.org,Female,2024-05-29,East Tammie,Togo
421,Tami Thompson,jlopez@example.net,Other,2025-07-21,East Caroline,Czech Republic
422,Amy Bailey,ebrady@example.org,Female,2025-01-11,North Tiffanyburgh,Sao Tome and Principe
423,William Lowe,alexander89@example.org,Female,2025-05-10,New Erica,Antarctica (the territory South of 60 deg S)
424,Allison Lewis,cwilliams@example.org,Other,2024-10-27,Ruthberg,Samoa
425,Casey Mills,elliskelly@example.org,Male,2024-02-05,Robertside,Bermuda
426,Richard Alvarez,stevenwoods@example.com,Male,2025-03-15,Pattersonland,Cote d'Ivoire
427,Lauren Chavez,nathanhernandez@example.com,Female,2024-03-02,Nancyview,China
428,Rodney Anderson,hillsue@example.com,Female,2025-10-23,Larryfurt,Bhutan
429,Jonathan Richards,dana19@example.net,Female,2024-03-15,Lisaton,Jamaica
430,Christopher Baldwin,curryrichard@example.org,Male,2024-01-17,Port Brandonberg,Cuba
431,Amy Jensen,jason24@example.com,Male,2025-09-02,Melissaberg,Madagascar
432,Brett Frost,fmartinez@example.org,Female,2025-07-20,West John,Uzbekistan
433,Ashley Jordan,pamela91@example.com,Female,2025-07-13,East Devin,San Marino
434,Jose Barnes,santanatraci@example.org,Female,2024-07-05,Robinborough,Cameroon
435,Donald Le,elizabeth85@example.com,Other,2024-11-14,Jensenfort,Ghana
436,Stephanie Orozco,bryan79@example.org,Male,2025-07-17,Port Johnchester,Vietnam
437,Jesse Jones,fernando15@example.com,Male,2024-08-01,Danielfort,Latvia
438,Matthew Payne,valerielowe@example.com,Other,2024-08-04,Anthonystad,Honduras
439,Justin Roy,mcdonaldjustin@example.org,Female,2024-01-02,East Jeffreyfort,Burundi
440,Lauren Hamilton,kellyporter@example.org,Male,2024-08-03,Susanport,El Salvador
441,Valerie Juarez,santanajeffrey@example.org,Male,2025-03-20,South Edward,Kazakhstan
442,Michael Lucas,gary57@example.org,Male,2024-10-21,East William,Pakistan
443,David Schwartz,michaelgay@example.net,Female,2024-09-07,Pateltown,Samoa
444,Mary King,ulara@example.com,Other,2024-09-03,New Stevenburgh,Kenya
445,Jessica Mcknight,stephen48@example.net,Other,2025-05-29,Lake Colleenborough,Turkmenistan
446,Andrew Chapman,hdrake@example.org,Other,2025-01-27,Nancyside,Denmark
447,Christopher James,brian98@example.org,Female,2024-06-11,Chaseside,Aruba
448,Caitlyn Wilson,uday@example.org,Female,2025-10-03,West Phillip,Chile
449,Carol Rodriguez,brobertson@example.com,Female,2025-02-21,Lake Michaelport,Western Sahara
450,Megan Wheeler,caitlinsandoval@example.org,Male,2025-08-06,West Jenniferfurt,Guernsey
451,Deborah Butler,ygentry@example.org,Male,2025-04-12,East Beverlyland,Antarctica (the territory South of 60 deg S)
452,Jennifer Bautista,julian41@example.com,Other,2025-10-05,Rodriguezland,Antigua and Barbuda
453,Nicholas Brown,albert18@example.com,Male,2025-06-29,Deborahtown,Uruguay
454,Laura Blake,jamesavila@example.net,Other,2024-02-03,Barberhaven,Tajikistan
455,Emily White,william89@example.com,Other,2024-02-24,South James,Montenegro
456,Patty Frazier,jonescharles@example.net,Other,2024-03-07,Sotofurt,Iceland
457,Carl Martinez,ahopkins@example.org,Male,2024-11-20,Fischerchester,Bhutan
458,Alexander Golden,eric79@example.net,Female,2024-11-22,Lake Jason,Puerto Rico
459,Michael Morgan,jonathan42@example.com,Other,2024-11-13,Hoffmanchester,Libyan Arab Jamahiriya
460,John Ramos,brownjames@example.com,Other,2024-03-05,Karenport,Tajikistan
461,James Stephens,deannacontreras@example.org,Other,2024-04-24,Russellfort,Falkland Islands (Malvinas)
462,Natalie Stafford,duffyjohn@example.org,Female,2025-02-01,Valerieview,Trinidad and Tobago
463,Kimberly Brewer,travisbrown@example.org,Male,2024-06-15,Laurenhaven,Korea
464,Ronald Thomas,cpena@example.com,Other,2025-10-08,Brandonview,Anguilla
465,Benjamin Turner,toddlindsay@example.net,Other,2025-01-18,Kristinfort,Serbia
466,Haley Vang,shawndavidson@example.org,Female,2024-04-24,Lake Christopherborough,Solomon Islands
467,Terry Johnson,vwilliams@example.com,Other,2024-05-23,East Mirandaland,Greenland
468,Thomas Hardin,virginia12@example.org,Male,2025-10-03,West Timothyport,Kazakhstan
469,Amy Perry,ncook@example.net,Female,2025-04-01,Newtonborough,Dominica
470,Melvin Diaz,pamela85@example.com,Female,2024-04-07,Bryantmouth,El Salvador
471,Jeanne Nguyen,carpenterlori@example.org,Other,2024-09-02,Port Lindaport,Thailand
472,Kyle Mitchell,cuevaslisa@example.com,Male,2024-12-04,Emilyshire,Libyan Arab Jamahiriya
473,Katherine Shaw,michaelvance@example.com,Other,2024-02-01,Jesseborough,Panama
474,Kenneth Davis,christophersmith@example.org,Female,2025-04-04,Marymouth,Cambodia
475,Jennifer Wheeler,sarahadams@example.net,Male,2024-12-13,Davidport,Macao
476,John Petersen,jessica21@example.org,Male,2024-10-04,Christopherside,Djibouti
477,Brenda Crawford,cynthia07@example.com,Male,2024-10-02,Emilymouth,Wallis and Futuna
478,Matthew Adams,flopez@example.com,Female,2023-12-01,Calebberg,Tokelau
479,Kelly Brown,aaronyoung@example.com,Other,2025-07-18,Dunlapburgh,Djibouti
480,Jessica Davis,kowens@example.org,Female,2025-06-29,South Veronica,Timor-Leste
481,James Jackson,ygonzalez@example.org,Male,2024-09-01,West Sarah,United States Minor Outlying Islands
482,Bryce Munoz,isaiah49@example.net,Male,2025-10-20,East Tiffany,Jordan
483,Joshua Nguyen,kendra12@example.net,Other,2024-06-14,Gordonfort,Indonesia
484,Zachary Navarro,davidcruz@example.net,Male,2025-04-28,Sarahchester,Congo
485,Dustin Brown,christopher48@example.org,Male,2025-01-11,West Kenneth,United States of America
486,Daniel Johnson MD,idavis@example.org,Other,2025-10-23,New Jamesbury,Latvia
487,Karen Turner,fyoung@example.org,Other,2024-11-16,North Amymouth,Isle of Man
488,Christian Reyes,csantos@example.com,Female,2024-08-08,Lukeberg,Malawi
489,Johnny West,donald86@example.org,Male,2025-08-13,East Mary,Botswana
490,Jamie Preston,melanie81@example.com,Male,2025-09-19,Parkermouth,Botswana
491,Hannah Huff,heatheryoder@example.org,Other,2024-12-16,East Michellebury,Belgium
492,James Henderson,grahamrachel@example.com,Male,2025-11-03,Angelaside,Botswana
493,Dr. Frank Johnson MD,thomaskenneth@example.net,Female,2025-03-06,Austinton,Austria
494,Gary Nunez,andreacole@example.org,Other,2024-07-21,Chadborough,South Africa
495,Amanda Ramirez,tashaalvarez@example.net,Male,2024-08-24,Jonport,Guyana
496,Carrie Reed,matthewarmstrong@example.net,Female,2024-03-28,Port Garymouth,Uruguay
497,Rebecca Jackson,sperry@example.net,Male,2025-10-23,North Annafort,Niue
498,Laura Chapman,vparker@example.org,Other,2023-11-19,New Christinabury,Colombia
499,Brandy Jones,jamesholmes@example.org,Other,2024-12-29,East Candaceport,Italy
500,Jennifer Bradley,frankkelley@example.com,Male,2024-03-04,North William,Heard Island and McDonald Islands
501,Heather Bates,lewisjulie@example.net,Female,2025-09-12,Williammouth,Netherlands Antilles
502,Jessica Jones,ingrambrittany@example.com,Male,2025-05-09,Ericfort,Palestinian Territory
503,Cody Hall,vbaker@example.com,Female,2024-07-05,South Bryan,Madagascar
504,Denise Fernandez,brandon64@example.org,Other,2024-10-05,Fisherberg,Samoa
505,Kristi Gardner,garciaerika@example.net,Female,2024-02-09,Troyfurt,Eritrea
506,Sarah Smith,williamfields@example.com,Other,2025-01-11,North Patrickfurt,Nigeria
507,Christopher Mcdaniel,emmawilliams@example.net,Male,2024-12-09,Conradberg,Lithuania
508,Douglas Harmon,zjones@example.com,Male,2025-09-30,Evansside,Portugal
509,Devon Howard,craigpatricia@example.net,Male,2024-02-21,Vargasfurt,Zimbabwe
510,Linda Bell,romerorodney@example.net,Male,2025-03-29,New Madisonland,Indonesia
511,Billy Moran,joshuamurphy@example.org,Male,2024-12-02,Lake Kristinaberg,Uganda
512,Megan Mata,lisarussell@example.org,Male,2024-03-12,Smithborough,Nicaragua
513,Stephen Mckay,carrie64@example.com,Other,2024-10-31,West Scottside,Zimbabwe
514,Tracey Novak,james80@example.net,Male,2024-02-07,Lorichester,Chile
515,Amanda Fuller,higginstim@example.com,Female,2024-05-01,Melodyland,Myanmar
516,Brittany Thomas,lisa06@example.org,Male,2024-03-12,Isaacland,Spain
517,Anne Vega,eparker@example.org,Other,2024-03-19,Meganside,British Indian Ocean Territory (Chagos Archipelago)
518,Angela Henry,debra74@example.org,Male,2024-04-19,Robinberg,Latvia
519,Andrea Byrd,benjaminbrown@example.com,Other,2024-05-08,Zimmermanshire,Brazil
520,Carl Cox,christopheraguilar@example.org,Female,2024-11-05,Gonzalezmouth,El Salvador
521,Jasmine Davila,coreybradford@example.org,Other,2025-07-18,Hendersonshire,Bouvet Island (Bouvetoya)
522,Sherri Miller,williammontgomery@example.com,Other,2024-06-17,New Erin,Afghanistan
523,David Castro,howelljoseph@example.org,Female,2024-10-18,North Marissaville,Cuba
524,Adam White,youngamy@example.org,Other,2023-12-01,New Tyler,Belize
525,Rachel Jones,allisonfoley@example.com,Other,2025-05-03,Drakestad,Guadeloupe
526,Denise Brewer,markclayton@example.com,Female,2025-08-15,Lake Dianaborough,Sweden
527,John Buckley,derrick18@example.net,Female,2025-06-06,Port Laurafurt,Portugal
528,Veronica Harris,ymoore@example.net,Female,2025-07-28,West Kyleside,Australia
529,Nicholas Collins,valentineanthony@example.com,Other,2025-07-03,Port Ericberg,Heard Island and McDonald Islands
530,Dominique Barajas,wellsvictoria@example.com,Other,2025-11-11,Michaelbury,Saint Lucia
531,Cassandra Martin,misty04@example.org,Other,2024-07-13,South Carlosfort,Bouvet Island (Bouvetoya)
532,Carlos Little,morrisshane@example.org,Male,2025-07-16,North Williamshire,Guatemala
533,Alexandra Martinez,whicks@example.net,Other,2024-11-20,Changbury,Zimbabwe
534,Nicholas Campbell,smithtara@example.com,Female,2024-06-17,East Suzanne,Micronesia
535,Ashley Clements,macdonaldamanda@example.com,Female,2024-02-16,Gomeztown,Netherlands
536,Miss Amber Hernandez,erica35@example.com,Male,2025-04-29,Jacksonbury,Mongolia
537,John Rodriguez,deannaheath@example.org,Male,2024-09-20,East Melissa,Bahrain
538,Monica Davis,lisawalker@example.org,Other,2025-11-03,East Michaelstad,Italy
539,James Jones,paulameyer@example.net,Male,2024-03-09,Lake Mark,Cayman Islands
540,Megan Kelly,cgonzalez@example.net,Male,2024-07-27,Lake Barbara,Sweden
541,Colin Williamson,mbonilla@example.com,Female,2024-11-21,West Matthewfort,Mayotte
542,Carrie Duncan,lee80@example.net,Other,2024-02-25,Dennisbury,Bermuda
543,Andrea Tate,jason65@example.net,Other,2025-08-22,Robertsville,Malta
544,Ashley Anderson,amandaevans@example.org,Other,2024-08-31,Fisherport,Macao
545,Mary Parks,rodriguezwilliam@example.net,Other,2023-12-08,Davismouth,Bahrain
546,Andrea Hansen,jimmyli@example.com,Other,2024-10-20,Yorkfurt,Gabon
547,Joshua Bonilla,dburke@example.com,Female,2023-11-26,South Heathershire,Anguilla
548,Kathleen Webb,angelachristensen@example.net,Male,2023-12-24,Lake Amandaville,Bolivia
549,Kristen Herrera,nashautumn@example.com,Female,2025-05-04,North Nataliefurt,Paraguay
550,April Williams,aaron67@example.org,Other,2024-11-17,Marymouth,Gabon
551,Mrs. Laura Smith MD,christophercosta@example.org,Female,2024-03-24,Port Allison,Barbados
552,Deanna Costa,armstrongdaniel@example.com,Female,2025-09-07,Ramirezside,Sierra Leone
553,Jo Rodriguez,mccormickrhonda@example.net,Female,2025-09-17,South Jessicahaven,Falkland Islands (Malvinas)
554,Alicia Alexander,joshuajuarez@example.org,Female,2024-04-07,Rodriguezberg,Falkland Islands (Malvinas)
555,Monica Jenkins,williamsummers@example.org,Female,2025-05-10,South Rebeccaburgh,United Arab Emirates
556,William Ramsey,jasminetyler@example.com,Male,2025-04-07,Port Davidville,Senegal
557,Jeffrey Thornton,davidknapp@example.net,Male,2024-01-31,Daleland,Egypt
558,Joel Lawrence,bandrews@example.com,Male,2025-07-09,South Jamesberg,Lesotho
559,Ricky Byrd,pcraig@example.net,Male,2024-10-04,Davenportmouth,Cote d'Ivoire
560,Andrew Foster,nancyrios@example.net,Other,2024-09-08,Port Jonathanfurt,Burkina Faso
561,Joel Rodriguez,whitejohnny@example.com,Male,2024-10-01,New Sarah,Yemen
562,Ricky Schmidt,thomaswelch@example.com,Female,2024-04-17,South Heidimouth,Malawi
563,Jordan Walker,bowenteresa@example.com,Other,2024-11-22,Davidhaven,Togo
564,Robert Castillo,taylorbarbara@example.org,Other,2025-03-23,Brownfort,Singapore
565,Christina Russell,ethomas@example.net,Female,2023-12-08,Port Isaiah,Poland
566,Melissa Bennett,jonathanchristian@example.com,Female,2025-09-14,Chavezmouth,Trinidad and Tobago
567,Jacob Hughes,riceandrea@example.org,Female,2023-12-12,West Corey,Cyprus
568,Ashley Mitchell,andrew71@example.com,Female,2024-07-08,Nelsonmouth,Central African Republic
569,Hannah Soto,yflynn@example.net,Female,2024-04-06,Lake Ronald,Mali
570,Terri Whitaker,anthonymorrison@example.com,Female,2024-04-03,Port Jeremiah,China
571,Deanna Lambert,andrew36@example.org,Other,2025-07-13,Melaniemouth,Libyan Arab Jamahiriya
572,Jeffrey Hill,robrien@example.net,Other,2025-10-14,Lake Anthony,Venezuela
573,Joel Perez,robert05@example.org,Male,2024-08-14,Lake Janiceport,Paraguay
574,Dustin Chung,brandon49@example.net,Male,2024-04-03,South Roberttown,Tajikistan
575,Michael Martin,francisgary@example.net,Female,2024-04-01,Micheleside,Portugal
576,Sean Chapman,molson@example.org,Male,2023-12-01,New Toddton,Iraq
577,Shannon Porter,racheljohnson@example.com,Male,2025-07-10,South Loriview,Kyrgyz Republic
578,Brian Roberts,travisjacobs@example.net,Male,2024-01-08,Lake James,Isle of Man
579,Loretta Edwards,tjohnson@example.net,Male,2025-02-21,Erintown,United Arab Emirates
580,Anthony Rodriguez,cmurray@example.com,Female,2025-10-20,Brownside,Fiji
581,Brandy Adams,sherriburke@example.net,Other,2025-02-07,Anthonyview,Timor-Leste
582,Jeffrey Ward,qhartman@example.net,Other,2025-05-08,Port Wendyside,Reunion
583,Heather Reyes,vmarquez@example.com,Other,2024-04-06,North Brad,United States Minor Outlying Islands
584,Daniel Williamson,pthomas@example.net,Male,2025-06-19,Lake George,Saint Kitts and Nevis
585,Victoria Anderson,james66@example.com,Female,2024-11-13,Sarahfort,Uzbekistan
586,Derek Carpenter,caseykelly@example.com,Female,2023-12-12,Lake John,Tajikistan
587,Joanna Washington,taylormark@example.com,Female,2024-04-02,Port Jasonville,British Virgin Islands
588,James Martin,nneal@example.net,Male,2025-06-05,South Renee,Denmark
589,Christian Evans,ukelly@example.net,Female,2025-09-13,West Kimberlychester,Gabon
590,Gina Small,stephenlawrence@example.com,Other,2025-05-30,Lauraborough,Algeria
591,Michelle Young,hopkinsnathaniel@example.org,Female,2024-02-27,Port Kelsey,Greece
592,Natalie Stanton,arodgers@example.org,Male,2025-02-20,Millerview,Niue
593,Francisco Moon,tammy74@example.org,Other,2024-02-02,New Matthew,Bermuda
594,Christopher Gardner,pluna@example.org,Male,2025-05-31,Douglasport,Peru
595,Robert Lawrence,kylegarza@example.org,Female,2025-05-04,Port Julie,Montenegro
596,Christine Adams,jeffreybrown@example.net,Male,2025-09-06,Paceburgh,Iraq
597,John Smith,randersen@example.com,Other,2025-10-31,Estesstad,Latvia
598,Andrea Peters,jenniferlogan@example.com,Male,2024-03-06,New Charles,Latvia
599,Timothy Martinez,ocontreras@example.org,Other,2025-09-03,Port Jennifer,Haiti
600,Diane Mitchell,maria07@example.net,Male,2024-06-15,Bennettmouth,French Southern Territories
601,Scott Oneal,ellismichele@example.org,Female,2025-08-31,Lopezland,Niue
602,Jasmine Russo,pamela72@example.com,Other,2024-04-27,West Chelseaton,Guinea
603,Meagan Flynn,sweeneyjill@example.org,Female,2025-04-07,East James,Argentina
604,Sandra Sanchez,ggolden@example.com,Other,2024-03-17,Lake Kimland,Hong Kong
605,Justin Stewart,conniemartin@example.net,Female,2025-07-17,Lake Michaelborough,British Virgin Islands
606,Miranda Ramsey,steven93@example.com,Male,2024-05-09,Lake Christophertown,United Kingdom
607,Mark Villarreal,sblake@example.org,Male,2024-03-10,Desireemouth,Timor-Leste
608,Joshua Woods,fabbott@example.com,Female,2025-05-19,Garciafort,Pakistan
609,Cindy Adams,christianmiller@example.org,Male,2025-05-23,Port Jennifer,Sudan
610,Allison Black,emily17@example.net,Male,2025-01-09,East Marc,Malaysia
611,Crystal Morris,conradandrea@example.net,Other,2024-11-23,Samanthamouth,Monaco
612,Renee Sims,russellashley@example.org,Male,2024-02-17,Port Patricia,Guinea-Bissau
613,Anne Butler,valexander@example.com,Male,2024-03-01,Elizabethtown,Mayotte
614,Natalie Kennedy,jamesdavid@example.net,Female,2025-04-01,Port Randy,Uganda
615,Angela Dean,kennethlewis@example.org,Other,2024-07-15,Contrerasville,Haiti
616,Michelle Rivera,lawrencekathleen@example.org,Female,2024-09-29,Micheleport,Uruguay
617,Linda Mitchell,robertotaylor@example.com,Other,2023-11-21,South Megan,Guinea-Bissau
618,Alicia Rosales,elliottwilliam@example.com,Other,2025-02-01,New Michaelmouth,Latvia
619,Vanessa Walsh,timothy50@example.net,Male,2024-05-25,Jessicashire,Montenegro
620,John Bauer,andrea34@example.net,Other,2024-10-04,Waltersborough,Jamaica
621,Richard Barr,smithedward@example.com,Male,2024-05-17,Port Austin,Oman
622,Steven Burton,brownpatricia@example.com,Male,2024-07-15,Port Amytown,Uruguay
623,Alicia Delacruz,holly73@example.com,Male,2025-02-17,Evanberg,Zambia
624,Christopher Daniels,karawashington@example.org,Other,2025-10-26,Lake Ebonyport,Bahamas
625,Alexander Hunt,michaelpowers@example.org,Male,2025-05-13,Oconnorport,Bosnia and Herzegovina
626,Robert Walker,turnermelvin@example.com,Male,2025-11-11,Richardville,Albania
627,Megan Wright,debbiemorris@example.org,Male,2024-10-02,Sandyhaven,Mauritania
628,Sarah Norris,kelligiles@example.com,Male,2025-08-13,West Olivia,Japan
629,Cathy Aguilar,ybell@example.net,Other,2025-02-11,New Stevenborough,Turkey
630,Douglas Bowen,harveypatrick@example.org,Other,2024-06-21,Richardsstad,Tonga
631,Caitlin Torres,stacy87@example.org,Male,2025-10-20,North Cathy,New Caledonia
632,Bonnie Brown,codyberry@example.org,Male,2024-03-01,East Jamesville,Uganda
633,Steve Martinez MD,charlescantrell@example.org,Male,2025-06-17,South Alicia,Guatemala
634,Eric Hester,ihodges@example.net,Male,2025-04-17,Westborough,Belarus
635,Mr. Marcus Edwards,kwarren@example.net,Female,2024-08-18,Davisbury,Sao Tome and Principe
636,Heather Smith,lschultz@example.net,Male,2025-09-30,Youngport,El Salvador
637,Sharon Gonzalez,kristinebyrd@example.net,Other,2024-04-05,North Sara,Latvia
638,Timothy Edwards,jadegrant@example.net,Male,2025-04-25,South Sarah,Congo
639,Clarence Hunter,lorimercado@example.com,Female,2024-09-25,North Lisaview,Honduras
640,William Elliott,anthony38@example.org,Female,2024-04-21,Port Michaelfurt,Monaco
641,Amanda Whitaker,onelson@example.net,Other,2024-05-27,Port Paulmouth,Panama
642,Angel Myers,marcus48@example.com,Female,2024-09-21,Whiteview,Netherlands
643,Ryan Wallace,alexander39@example.org,Other,2024-01-15,Lake Maria,India
644,John Sanchez,daypatrick@example.com,Other,2024-07-25,Cindyport,Saint Kitts and Nevis
645,Juan Cortez,connorwilliams@example.net,Other,2025-01-28,Kristyville,Isle of Man
646,Brian Flores,duranclarence@example.net,Female,2024-07-28,Annland,Tunisia
647,Richard Thomas,karen90@example.org,Male,2024-02-02,New Allisonmouth,Korea
648,Aaron Patrick,nvargas@example.org,Other,2025-07-23,Ayalabury,Andorra
649,Victor Bernard,alexrangel@example.com,Other,2024-04-27,East Melissamouth,Cameroon
650,Bailey Hoffman,millerscott@example.org,Other,2025-10-15,North Mary,Burundi
651,Shawn Collins,christiangarcia@example.org,Male,2025-05-18,Port Erikside,Faroe Islands
652,Michelle Richards,russell97@example.net,Other,2024-07-18,West Jonathan,Solomon Islands
653,Wendy Greene,olsonshane@example.org,Other,2024-01-17,East Kimberlyborough,Congo
654,David Peck,byoung@example.org,Female,2024-08-17,North Amandamouth,Peru
655,Rachel Tate,bking@example.org,Male,2025-02-16,Heidiview,Mayotte
656,Allison Campbell,epetty@example.net,Other,2024-07-27,North Gary,Myanmar
657,Kristen Todd,michellerichardson@example.com,Male,2023-12-30,Ethanshire,Serbia
658,Kristina Williams,veronicareeves@example.org,Other,2025-07-22,North Shawnmouth,Afghanistan
659,Jacqueline Ramirez,roblesgeorge@example.org,Female,2024-02-10,West Misty,Seychelles
660,Holly Gonzalez,gavinstark@example.org,Male,2023-11-28,Hurstmouth,Bulgaria
661,Michael Stevens,billy25@example.com,Female,2025-05-27,East Jonathan,Jersey
662,Jennifer Conner,evelynward@example.com,Female,2024-10-28,Douglaston,Mozambique
663,Kristin Camacho,christopherjames@example.net,Female,2025-01-22,Robertton,Bosnia and Herzegovina
664,Sean Mullen,martinpaul@example.com,Other,2025-03-18,Jacquelineville,Jersey
665,Wendy Jones,julietaylor@example.com,Male,2024-05-07,Mortonmouth,Ethiopia
666,Madeline Vargas,pamela72@example.com,Male,2024-08-18,New Carlosbury,San Marino
667,Billy Barr,jared95@example.com,Other,2024-09-15,North Paul,Montserrat
668,Kelli Moran,laura31@example.net,Other,2024-09-20,Franklinshire,Ecuador
669,Rhonda Fleming,stephenswilliam@example.org,Male,2023-12-31,West Michaelbury,Cambodia
670,Thomas Gonzalez,joycehamilton@example.net,Other,2024-11-02,Wilsonmouth,Togo
671,Daniel Pierce,steventhomas@example.org,Other,2024-02-12,East Michael,Vanuatu
672,Roger Ray,veronica21@example.net,Other,2025-03-29,Loristad,Solomon Islands
673,Nicholas Carlson,nguyenwilliam@example.org,Male,2025-06-13,North Joanmouth,Algeria
674,Kathy Richard,tponce@example.com,Other,2024-03-11,West Sallytown,Panama
675,Angel Rodriguez,nmendoza@example.net,Other,2025-07-08,Montoyaside,Antarctica (the territory South of 60 deg S)
676,Megan Salazar,xmarks@example.net,Female,2025-03-13,Christinehaven,Rwanda
677,Pamela Daniels,frankherman@example.com,Other,2025-09-03,Alvarezton,Djibouti
678,Teresa Taylor,davisshannon@example.org,Female,2024-04-20,North Elizabeth,Niue
679,Billy Flores,blankenshipkevin@example.net,Female,2025-01-08,South Nathan,Cameroon
680,John Wilson,petersonlance@example.org,Female,2024-04-23,Andrewtown,Gabon
681,Melissa Clarke,joseph03@example.net,Other,2024-04-20,Port Crystal,Chile
682,Donna Figueroa,tatedavid@example.com,Other,2024-04-17,Lake Erica,Iceland
683,Michelle Ramsey,oholland@example.net,Female,2024-07-01,Lake Kellyberg,Jordan
684,Rebecca Ritter,kristina31@example.org,Male,2024-10-09,Rogerfort,Cameroon
685,David Lara,yallen@example.com,Female,2025-02-19,South Peter,Marshall Islands
686,Glenn Martin,gary87@example.net,Other,2023-12-01,North Michaelburgh,Bahrain
687,Randy Cantu,robertlang@example.net,Female,2024-12-20,New Mary,Malta
688,Brandon Kim,karenweaver@example.net,Male,2024-08-16,West Brianhaven,Nigeria
689,Sarah Brown,claykathleen@example.com,Other,2023-12-23,Thomasport,Iraq
690,James Keller,brittanyhernandez@example.com,Female,2025-04-06,Andrealand,Chad
691,Nicholas Graham,jeffreyhuynh@example.net,Female,2024-06-29,North Kyleside,Tanzania
692,Trevor West,laurabranch@example.com,Other,2025-03-11,Smithchester,Sudan
693,Jonathan Fields,qsmith@example.org,Male,2024-09-03,Christopherport,Azerbaijan
694,Gina Robinson,amandaedwards@example.net,Male,2025-04-11,Port Luis,North Macedonia
695,Stacy Salazar,wrightandrew@example.org,Male,2024-12-19,Anthonymouth,Sudan
696,William White,charles18@example.net,Other,2025-08-30,Carlsonside,Panama
697,Kayla Roberts,kingcourtney@example.net,Other,2025-09-22,West Bradleychester,Nicaragua
698,Maria Richardson,ricardo78@example.org,Female,2025-10-14,Jeffreyhaven,Uganda
699,Wendy Gill,cdixon@example.com,Female,2025-04-29,Lake Edward,Malawi
700,Juan Lopez,kimberlytaylor@example.org,Female,2024-07-31,West Ryan,Guinea
701,Robert Chan,zgates@example.com,Female,2024-02-24,Jeffreyville,Saint Barthelemy
702,Mariah Davis,kevinmichael@example.com,Male,2024-08-18,Andrewschester,French Guiana
703,Kevin Washington,anna53@example.net,Male,2025-06-13,Derekmouth,Saint Helena
704,Michael Whitaker,jimmy18@example.net,Female,2025-05-30,South Christopher,Argentina
705,Nicole Simpson,janetgarcia@example.net,Other,2025-04-10,West Oscarstad,Paraguay
706,Carl Lopez,angelapierce@example.com,Male,2024-03-10,West Jefferyberg,Tajikistan
707,Ashley Lawson,morankaren@example.com,Female,2024-10-17,Pattersonfort,Bangladesh
708,Albert Gamble,zacharychandler@example.org,Male,2024-05-24,Taylorview,Germany
709,Cassandra Vasquez,jennifer41@example.net,Female,2025-11-09,Johnsonshire,Greece
710,Amanda Turner,nperry@example.com,Female,2024-01-15,Hurleymouth,Guatemala
711,William Johnson,shawncrawford@example.com,Other,2024-09-10,Lake Allison,Myanmar
712,John Brown,jonesmichael@example.com,Female,2023-12-24,North James,Latvia
713,Melissa Thomas,caseyfred@example.net,Other,2024-02-19,Lake James,Qatar
714,Scott Nguyen,lopezrobert@example.net,Other,2024-04-18,South Kariberg,Bangladesh
715,Kevin Frederick,udeleon@example.org,Other,2024-03-24,North Melanie,Bahamas
716,Anna Johnson,justinchen@example.org,Other,2024-04-15,Wendyport,Korea
717,Debra Frank,shawn56@example.org,Male,2025-04-09,Aliland,Falkland Islands (Malvinas)
718,Sheila Taylor,patricia57@example.net,Female,2025-03-05,South Jenniferborough,Sweden
719,Jason Miller,christopherbryan@example.com,Other,2025-04-02,Angelamouth,Serbia
720,Lisa Warner,brittany84@example.net,Female,2024-04-28,Lindsaytown,Mexico
721,Jeffrey Adams,mitchelllisa@example.org,Other,2024-02-08,Port Jodymouth,Argentina
722,Ashley Ortiz,maurice63@example.org,Male,2024-07-14,Rodrigueztown,Antarctica (the territory South of 60 deg S)
723,Joshua Wright,candice91@example.com,Female,2024-04-30,Natalieland,Croatia
724,Steven Morales,harrislisa@example.org,Female,2024-08-08,South Philip,El Salvador
725,Edward Preston,lwalker@example.org,Female,2025-09-27,Lake Whitney,Tokelau
726,Stephanie Sullivan,campbellshelia@example.org,Female,2024-08-06,Jasonfort,Tajikistan
727,Paula Nunez,phillip45@example.org,Female,2025-03-06,Port Elizabethberg,Kiribati
728,Deborah Rosario,yward@example.org,Other,2023-12-12,East Josephmouth,Bangladesh
729,Susan Suarez,uwallace@example.net,Female,2024-03-13,New Charles,Vanuatu
730,Jason Miller,aliciawalker@example.org,Other,2024-10-30,West Jonathan,Christmas Island
731,Calvin Gonzales,kellydavis@example.net,Male,2025-04-12,Jeanborough,Aruba
732,Austin Smith,alexismoyer@example.com,Male,2025-10-30,Sabrinamouth,Aruba
733,Sarah Gordon,richarddavidson@example.org,Other,2025-09-12,Paulaview,Malawi
734,Timothy Howard,melissa44@example.net,Other,2025-08-07,East Wandaland,Korea
735,Andrew Mcfarland,martha90@example.net,Male,2024-03-27,Zacharymouth,Ecuador
736,Stacy Kennedy,kelsey52@example.org,Male,2024-07-19,South Kristinmouth,Venezuela
737,Dana Jackson,diazkelly@example.net,Other,2024-07-07,Lake Paula,Sudan
738,Rachel Mcdaniel,robin12@example.com,Female,2025-03-26,South Jeffery,El Salvador
739,Garrett Brown,markfrank@example.net,Male,2024-11-12,East Sabrina,Zimbabwe
740,Blake Beck,bclark@example.net,Other,2023-11-26,Tonyfurt,Hong Kong
741,Daniel Wright,martinezjulie@example.net,Female,2024-09-08,North Harryburgh,Niger
742,Kimberly White,amandawright@example.com,Female,2024-07-18,Katrinatown,Mozambique
743,Dorothy Mckenzie,travis20@example.org,Male,2024-11-28,Michaelview,Netherlands
744,Albert Perez,lsullivan@example.org,Female,2024-04-17,Paulborough,Belgium
745,Gabrielle Barnes,munozalexander@example.net,Male,2024-10-22,Port Michael,Palestinian Territory
746,Charles Green,sharonhumphrey@example.com,Female,2025-08-31,Christineside,Slovakia (Slovak Republic)
747,Wanda Cooper,scottrobertson@example.org,Female,2025-11-09,East Debra,Congo
748,Jaime Mann,joshua33@example.com,Female,2025-01-06,Port Danielleborough,Falkland Islands (Malvinas)
749,Amy Miller,marshallpamela@example.net,Other,2024-08-02,Port Wendyfort,Myanmar
750,Stephen Campbell,susanbradley@example.net,Female,2024-05-20,East Henry,Senegal
751,Traci Chen,anna76@example.org,Other,2025-05-11,Sarahmouth,Switzerland
752,Shelby Riley,xalexander@example.org,Other,2024-11-14,Lake Johnburgh,Cocos (Keeling) Islands
753,Rachel Smith,santosdiane@example.com,Male,2024-04-15,Thomasville,Bolivia
754,Kristin Freeman,karinawhite@example.com,Other,2025-04-10,Robinsonville,Holy See (Vatican City State)
755,James Aguirre,rhonda14@example.net,Female,2025-01-16,Brewerville,Niger
756,Tony Cross,jyoung@example.org,Other,2024-10-09,Ryanville,Egypt
757,Katie King,jamessanders@example.com,Female,2024-07-11,West Loriberg,Azerbaijan
758,Samantha Morgan,pcoffey@example.com,Female,2024-08-02,Gregoryborough,Macao
759,Richard Smith,bethany06@example.org,Male,2024-01-09,Port Markshire,Mongolia
760,Monique Horton,rodriguezmichael@example.net,Male,2025-03-31,Toddstad,Algeria
761,Deborah Woods,dianabowen@example.net,Male,2024-02-07,South Aprilberg,Lithuania
762,Cynthia Mays,ramirezrachel@example.org,Male,2024-07-15,Davidberg,Serbia
763,Crystal Thompson,paul99@example.com,Male,2024-04-24,North Jennifer,Austria
764,Carol Kim,rosetyler@example.com,Male,2025-08-10,New Melissa,Syrian Arab Republic
765,Clinton Sanchez,xavierharris@example.org,Other,2024-12-14,Nathanielfort,China
766,Justin Patton,karen22@example.org,Male,2025-08-29,Lake Amandaton,Marshall Islands
767,Charles Bailey,tina76@example.com,Other,2024-11-11,Lake Christina,Ethiopia
768,Jessica Sutton,xowens@example.com,Female,2024-06-25,Donnastad,Peru
769,Robert Sanchez,kara80@example.net,Other,2025-03-01,Lake Michael,Myanmar
770,Ricardo Palmer,barneselizabeth@example.net,Female,2024-05-15,Moorehaven,Bahrain
771,Rebecca Gray,benjamin39@example.org,Other,2024-04-07,Wrightstad,Lao People's Democratic Republic
772,Ashley Banks,emiller@example.com,Other,2024-04-23,Raymondmouth,United States of America
773,Sarah Drake,jean59@example.net,Other,2025-05-11,Timchester,Chile
774,Kevin Logan,christinemiller@example.org,Female,2024-02-27,Smithview,United States Minor Outlying Islands
775,Tiffany Hill,ewilliams@example.org,Male,2024-09-26,East Amyside,Jersey
776,Tiffany Mclaughlin,emmamartinez@example.org,Female,2024-05-28,Matthewsview,Norway
777,Andrea Nichols,jeffreyfry@example.org,Other,2025-08-04,East Natasha,Niger
778,Michael Camacho,jaclynjames@example.org,Male,2024-10-25,Holtfort,Central African Republic
779,Cindy Rodriguez,garciasarah@example.org,Female,2025-06-11,New Tonyastad,Isle of Man
780,Austin Richardson,thomas36@example.net,Female,2024-02-28,East Crystal,Morocco
781,Valerie Jenkins,wellison@example.com,Female,2023-12-30,Hillview,Colombia
782,Andrew Greene,nathanrobinson@example.net,Female,2024-10-11,Lake Lauren,Bahrain
783,Cynthia Lewis,ryan76@example.net,Other,2024-01-07,Jenniferburgh,Egypt
784,Joseph Simmons,eherrera@example.com,Other,2024-05-11,Bennettburgh,Honduras
785,Katherine Guerra,wbautista@example.net,Other,2024-08-28,Amandaside,Venezuela
786,Mark Evans,rdrake@example.com,Male,2024-05-11,Port Tiffany,Marshall Islands
787,Joshua Black,hector46@example.org,Female,2024-05-01,Torresville,Croatia
788,Andrew Moore,cstuart@example.net,Male,2025-11-04,North Peggyhaven,Italy
789,Meagan Padilla,bobbyedwards@example.org,Other,2024-01-28,Kristinside,Croatia
790,Joseph Peterson,bakerrita@example.net,Other,2025-02-07,Port Louisside,Taiwan
791,Christopher Lawson,brenda50@example.com,Female,2024-07-30,Grayshire,Cape Verde
792,Cathy Clark,shepherdtyrone@example.com,Other,2025-08-29,Turnerburgh,Haiti
793,Kyle Rice,erobinson@example.org,Other,2024-11-26,West Daniel,Bulgaria
794,Kimberly Ortega,heberthunter@example.org,Other,2025-02-11,West Jermaine,Nepal
795,Tasha Williams,jeffreyowen@example.com,Other,2025-05-10,Dakotaview,Swaziland
796,Alison Lester,pfox@example.com,Male,2024-11-04,Mooreton,French Guiana
797,Jacqueline Norris,jillmarks@example.com,Male,2024-04-17,Reneefurt,Libyan Arab Jamahiriya
798,Elizabeth Drake,vrhodes@example.net,Male,2024-01-02,South Ericbury,Martinique
799,Margaret Harrison,lewisann@example.org,Male,2024-10-14,Fisherport,Cameroon
800,Brian Bowman,espinozarobert@example.com,Female,2024-08-15,Smithville,Vietnam
801,Julie Freeman,alyons@example.org,Other,2024-02-29,Jamieberg,Lesotho
802,Amanda Friedman,jenniferrogers@example.com,Male,2025-01-14,Tinafort,Romania
803,Denise Stewart,ricejason@example.net,Female,2024-09-03,East Joshuashire,Congo
804,Kenneth Herrera,cabreraangela@example.org,Female,2024-04-15,Adamsstad,Aruba
805,Christy Barrett,gallaghermary@example.com,Female,2025-07-19,Alejandroton,Zambia
806,Randy Potts,donovankyle@example.com,Female,2025-10-13,Loganstad,Iceland
807,Jacqueline Foster,kparker@example.org,Other,2024-07-16,South Jenniferfort,Serbia
808,Jeffrey Miller,janderson@example.com,Other,2024-04-20,Jenniferfort,South Georgia and the South Sandwich Islands
809,Todd Conner,kelly33@example.com,Female,2025-03-14,Lisafort,Turkmenistan
810,James Gallegos,moodykelly@example.org,Male,2025-08-25,Brittanystad,United Kingdom
811,Susan Austin,martinezmandy@example.org,Male,2025-04-28,South Michael,Greece
812,Beverly Atkinson,vphillips@example.net,Female,2023-12-03,New Kyleborough,Sudan
813,Joseph Wright,david36@example.org,Female,2024-12-03,Raymondton,Gibraltar
814,Mitchell Ayers,wilsonderek@example.org,Male,2024-11-04,Eddieberg,Norway
815,Kenneth Edwards,lucassean@example.org,Male,2023-12-06,East Barry,Eritrea
816,Michelle Johns,tamara56@example.org,Other,2025-01-29,Perezland,Zimbabwe
817,Patricia Manning,murphytammy@example.net,Female,2024-05-20,East Leonard,Oman
818,Mario Vaughan,newmanrenee@example.com,Other,2023-12-29,East Cynthia,Jersey
819,Tina White,wkaufman@example.com,Female,2024-01-31,South Victor,Hong Kong
820,Natalie Cunningham,edwardhuynh@example.com,Male,2024-11-25,Hayesborough,Slovenia
821,Brittney Rogers,meganflores@example.org,Other,2025-08-26,West Sarahview,Cayman Islands
822,Christopher Friedman,taylormatthew@example.com,Female,2025-04-10,Williamsberg,Guernsey
823,Tom Bowman,wrightmichael@example.net,Male,2024-10-12,North Kimberly,British Indian Ocean Territory (Chagos Archipelago)
824,Brenda Reed,krobinson@example.org,Female,2024-03-16,South Michaeltown,Liberia
825,Katrina Peters,cookcindy@example.org,Female,2024-03-06,West Stephanie,Gibraltar
826,Andre Morgan,steven86@example.org,Other,2024-01-15,Angelaview,Wallis and Futuna
827,Carol Yu,phillipscynthia@example.com,Other,2025-05-13,Morristown,Bahamas
828,Kimberly Bender,ellisonvalerie@example.com,Other,2025-03-17,Calderonchester,Marshall Islands
829,Amy Patterson,rebecca72@example.com,Other,2025-01-15,West Monica,South Africa
830,Denise Ramirez,omontgomery@example.org,Other,2024-11-07,North Darryl,Solomon Islands
831,Justin Jones,woodscarolyn@example.net,Other,2025-07-07,Darrellfort,United Kingdom
832,Sarah Perez,jamesleblanc@example.com,Female,2024-05-13,New Robertside,Uruguay
833,David Rhodes,jack80@example.org,Female,2025-05-16,Parkershire,Bulgaria
834,Nancy Rollins,hernandezstephanie@example.net,Female,2024-10-14,North Zachary,Benin
835,Katelyn Browning,brandonkeller@example.org,Male,2025-05-14,Hodgemouth,Trinidad and Tobago
836,Veronica Pierce,timothy43@example.net,Female,2024-04-14,Hernandeztown,Western Sahara
837,Troy Aguilar,janecuevas@example.org,Female,2023-12-08,Navarroborough,Kazakhstan
838,Amanda Berger,richardsonnoah@example.net,Other,2024-05-03,Greenfurt,Georgia
839,Chase Austin,katherineayala@example.net,Male,2024-09-06,East Patrickbury,Sweden
840,Gloria Logan,tammy24@example.org,Female,2025-10-22,North Alexis,Finland
841,Erin Richardson,montgomeryjerry@example.org,Male,2025-06-11,Port Joseph,Thailand
842,Justin Noble,egarrett@example.net,Female,2025-03-11,Karinachester,Antarctica (the territory South of 60 deg S)
843,Annette Williams,angela75@example.org,Male,2024-09-16,East Albert,Mozambique
844,Jon Hansen,mark06@example.net,Male,2024-02-27,Bakerville,Malawi
845,Heather Woods,rodriguezcolton@example.com,Other,2024-12-18,Haleyborough,Luxembourg
846,David Ortiz,lauratucker@example.com,Other,2024-12-13,Hickmanhaven,British Virgin Islands
847,Sean Diaz,glucero@example.org,Female,2025-05-14,East Ericstad,Denmark
848,Ryan Fox,bergchristina@example.com,Female,2025-08-23,Carlashire,Bhutan
849,Danielle Moreno,debracannon@example.org,Other,2023-11-20,Gomezside,Cocos (Keeling) Islands
850,Sarah Ellis,michellelee@example.com,Female,2025-05-13,Kellyport,American Samoa
851,Richard Reyes,julialewis@example.org,Female,2024-04-10,Jerryview,Czech Republic
852,David Phillips,csimon@example.com,Other,2024-11-27,South Eric,Sweden
853,Kelly Ball,zgilbert@example.org,Other,2024-08-29,Lake Stephanie,Lesotho
854,Victoria Jackson,bhart@example.org,Male,2024-04-26,Nicholasmouth,Antigua and Barbuda
855,Sherri King,jcombs@example.com,Male,2024-03-05,North Dianaville,Guatemala
856,Ashley Morris,daniel95@example.org,Female,2024-05-19,Lake Susanfurt,United Kingdom
857,Joshua Diaz,joshuagoodwin@example.net,Male,2025-02-21,South Danielleberg,Malta
858,Joseph Russo,nenglish@example.com,Female,2024-06-14,New Cynthia,British Virgin Islands
859,Jeremy Keith,angelabrown@example.net,Female,2024-11-03,Garciafort,Puerto Rico
860,Jacob Lloyd,calvindavis@example.net,Other,2025-01-02,West Dale,Aruba
861,Gina Anderson,jimenezjessica@example.com,Female,2025-11-13,Tuckerfurt,Namibia
862,Megan Evans,zfields@example.com,Other,2024-01-25,Chaneyhaven,Panama
863,Erika Adkins,angela85@example.com,Other,2024-03-05,New Maryfort,Palestinian Territory
864,Cynthia Smith,mmurphy@example.org,Female,2025-10-12,East Lisaborough,Kyrgyz Republic
865,John Holt,jonathan80@example.net,Other,2024-08-24,East Sherri,Palau
866,Amanda Roberts,warejonathan@example.com,Female,2024-05-12,Lauraburgh,North Macedonia
867,Miss Caitlin Lewis,jacksonpaul@example.org,Female,2024-12-09,South Tinahaven,Greece
868,Michael Craig,yrichards@example.net,Female,2024-01-31,South Grant,Mozambique
869,Alexis Davis,myerstaylor@example.org,Other,2024-08-09,Robertside,El Salvador
870,Krista Armstrong,joshua36@example.org,Other,2025-04-13,North Brenda,Kuwait
871,Tyler Miller,avargas@example.com,Male,2024-03-05,Janiceton,United States Minor Outlying Islands
872,Melissa Jones,joshua99@example.com,Male,2025-04-08,North Emilymouth,Pitcairn Islands
873,Michael Melendez,keyjanice@example.com,Male,2025-02-04,Richardsonburgh,Lithuania
874,Joseph Clements,michael17@example.net,Male,2024-02-02,Port Rhonda,Lebanon
875,Norman Mcdowell,elliottkristopher@example.net,Female,2024-10-08,East Scottmouth,Guinea-Bissau
876,Jamie Lee,george25@example.org,Other,2025-04-02,Haasside,Bulgaria
877,Brian Lopez,richardbrown@example.net,Male,2024-04-01,West Christina,Slovenia
878,Kathleen Moreno,terri16@example.com,Female,2025-01-27,Teresabury,Poland
879,Robert Thornton,owolf@example.com,Female,2024-06-23,Wilsonland,Monaco
880,Benjamin Schultz,mackenzie01@example.com,Female,2024-04-24,Lake Jeremiahfort,El Salvador
881,Micheal Christian,wkelly@example.org,Other,2024-10-09,West Isaac,Indonesia
882,Eric Parker,mnovak@example.org,Female,2024-07-09,Angelabury,Netherlands Antilles
883,Samantha Webster,ana36@example.net,Other,2024-05-21,Port Monicahaven,Namibia
884,Thomas Robbins,anthony43@example.net,Female,2024-09-09,Lisaville,Central African Republic
885,Mary Carter,tammy32@example.com,Other,2024-01-11,Hollychester,Niue
886,Alexis Martin,jessica48@example.com,Other,2025-09-26,North Marilynport,Romania
887,Sheryl Morgan,jimmy05@example.net,Male,2023-12-23,Fergusonton,Ireland
888,Gloria Brooks,chadsmith@example.net,Other,2024-11-29,Singhchester,Portugal
889,Jeremy Perkins Jr.,rhonda71@example.org,Female,2024-06-21,West Robert,Gambia
890,Yolanda Nash,bauercynthia@example.com,Other,2024-11-02,Aguilarburgh,North Macedonia
891,Tony Morgan,rebecca48@example.org,Male,2024-06-28,Royfort,Uruguay
892,Connie Hernandez,brittany31@example.com,Male,2025-04-21,Perrystad,Tokelau
893,Phillip Thompson,bendercarl@example.net,Other,2024-01-02,Fishermouth,Anguilla
894,Nicholas Vance,dianeevans@example.com,Female,2024-12-18,Woodsbury,Jordan
895,Clifford Molina,doughertydanielle@example.net,Male,2024-01-30,Hermanmouth,Guyana
896,Nathan Hays,curtis19@example.net,Female,2025-05-04,Josephmouth,Lithuania
897,Pamela Hernandez,jade23@example.org,Female,2024-10-10,Joneston,Honduras
898,Sean Roberts,fergusonmichael@example.net,Male,2025-04-04,East Deborahburgh,Christmas Island
899,Kelly Casey,davisjohn@example.org,Female,2023-12-05,South Elizabethchester,Slovenia
900,Dana Moses,hknapp@example.net,Female,2024-04-15,Port Patriciaborough,China
901,Margaret Ward,calebcarter@example.com,Male,2025-06-14,Jamesberg,Congo
902,Taylor Lopez,njackson@example.org,Female,2025-02-07,North Joseph,Heard Island and McDonald Islands
903,Stephanie Taylor,qbryant@example.org,Male,2024-02-29,Kelseyburgh,Papua New Guinea
904,Brandy Hart,gomezhelen@example.org,Male,2024-05-10,North Robertshire,Afghanistan
905,Steven Sparks,igonzalez@example.net,Other,2024-10-28,East Michaelchester,Slovakia (Slovak Republic)
906,Timothy Jones,davidmorgan@example.com,Female,2024-09-21,Amyland,Gabon
907,Patricia Robinson,pacedaniel@example.com,Female,2024-04-17,Port John,Turks and Caicos Islands
908,Tyler Roberts,joshua85@example.org,Female,2025-01-23,Kevinborough,Ghana
909,Jesse King,angela15@example.org,Male,2025-05-04,Lake Adam,Dominican Republic
910,Miss Mariah Franklin DVM,michaelchavez@example.com,Female,2025-02-12,East Tara,Myanmar
911,Derrick Lynn,brownbecky@example.com,Female,2024-04-24,Lake Tammy,Uganda
912,Jacqueline Wilkins,ashley78@example.org,Other,2025-08-15,New Adam,Serbia
913,Jeremy Lewis,williamcaldwell@example.net,Male,2025-06-02,Joneshaven,Jamaica
914,Julie Robles,michellegibbs@example.org,Other,2024-03-09,New Patriciahaven,Tajikistan
915,Matthew Calhoun,alexander19@example.net,Male,2024-04-09,Yoderburgh,Mozambique
916,Anna Andrews,teresaadams@example.net,Female,2025-03-28,Kirkside,Jordan
917,Pamela Huerta,timothyavery@example.net,Male,2024-03-02,Port Jamesview,Netherlands
918,Robert Morales,parkertaylor@example.com,Other,2025-01-28,Kimberlyfurt,San Marino
919,Carrie Barnett,edward02@example.net,Other,2025-06-18,West Markmouth,British Indian Ocean Territory (Chagos Archipelago)
920,Heather Mason,riddleamber@example.com,Other,2025-07-19,North Jesse,Cote d'Ivoire
921,Ryan Carlson,amandagarcia@example.net,Female,2025-04-04,Allisonland,Cook Islands
922,Caroline Kelley,johnmartin@example.com,Female,2025-06-13,Tonyaport,Bermuda
923,Robert Walls,yhernandez@example.org,Female,2024-05-27,Port Shari,Slovakia (Slovak Republic)
924,David Smith,ycook@example.com,Female,2025-06-30,West Julia,Seychelles
925,Mark Patterson Jr.,danielyoung@example.org,Male,2024-08-12,Victoriastad,Honduras
926,Alexander Garcia,parkertracey@example.net,Other,2023-11-18,Port Bradley,Grenada
927,Tracy Carter,parklori@example.org,Male,2025-02-28,South Leeshire,Zambia
928,Ashley Hughes,nicoleturner@example.com,Female,2024-06-30,Shepardside,Belgium
929,Isabella Young,chelseabenton@example.com,Male,2025-06-08,East Rachelside,Heard Island and McDonald Islands
930,Teresa Martin,lharrison@example.net,Male,2025-07-01,Jeffberg,Bahrain
931,Nicole Wilson,kristi11@example.org,Male,2024-02-14,Davisside,Singapore
932,Joseph Burke,tiffanyharper@example.com,Other,2024-12-09,North Michael,Peru
933,Brenda Morales,richardwilson@example.com,Other,2025-02-25,East Antonio,Bahamas
934,Tonya Arnold,gibbskatherine@example.net,Male,2024-09-05,Russellberg,Myanmar
935,David Miller,dianafaulkner@example.com,Female,2024-10-14,West Matthew,Luxembourg
936,Susan Rush,samantha63@example.net,Male,2025-05-28,South Jordan,Haiti
937,Sheila Singh,ipatterson@example.com,Male,2024-04-08,Michaelshire,Korea
938,Brenda Garcia,whiteheadchristina@example.org,Female,2025-08-12,East Zacharyfurt,Sudan
939,Pamela Jensen,thomascarrie@example.org,Male,2024-02-06,Allisonbury,Lithuania
940,Brian Curry,brianmatthews@example.org,Other,2025-06-15,Gonzalezmouth,Saint Vincent and the Grenadines
941,Matthew Barber,zacharyrivers@example.org,Other,2024-10-29,Simsside,Rwanda
942,Thomas Taylor,spencer02@example.com,Male,2024-04-08,Huffmanview,Sri Lanka
943,Donna Brown,lewiskelly@example.org,Female,2024-09-05,Lake Russellmouth,Holy See (Vatican City State)
944,Dustin Bruce,daniel01@example.net,Male,2025-06-18,Richardton,Heard Island and McDonald Islands
945,Gregory Mccoy,kmurray@example.com,Male,2024-11-28,Vegafurt,Christmas Island
946,Lorraine Nichols,qramirez@example.org,Female,2025-09-05,South William,Spain
947,Amanda Zamora,xroberts@example.com,Other,2025-03-13,West Charlesview,Mauritania
948,John Smith,michael05@example.org,Male,2025-04-25,North Danielleborough,Nauru
949,Carolyn Cox,jameslaura@example.com,Male,2025-02-24,East Carly,Georgia
950,Paul Mann,matthewgordon@example.net,Other,2025-06-16,Claudiabury,Marshall Islands
951,Gregory Obrien,davidallen@example.org,Male,2025-01-17,Lindsaytown,Barbados
952,Lindsey Matthews,lvargas@example.net,Male,2024-08-05,Port John,Mali
953,Eric Hendrix,tmoore@example.net,Male,2024-02-23,Kennedybury,Switzerland
954,Jenny Williams,ipowell@example.com,Female,2024-02-20,Snyderfurt,Saint Vincent and the Grenadines
955,Erin Williams,dwilliams@example.net,Female,2023-12-24,Hansentown,Sweden
956,Danielle Robertson,rebecca79@example.org,Other,2024-05-27,New Joshuaview,Cocos (Keeling) Islands
957,Michael Davis,kelseyanderson@example.org,Male,2025-04-19,East Robertchester,Antigua and Barbuda
958,Luis Smith,iramirez@example.com,Other,2025-05-24,Sabrinafurt,Timor-Leste
959,David Fields,danaboyd@example.net,Other,2025-04-14,South Brianshire,Lao People's Democratic Republic
960,Leah Rivera,emilylopez@example.net,Other,2024-10-01,Mccarthyberg,Peru
961,Amy Smith,dyoung@example.com,Other,2023-12-05,Lake Melanieton,Korea
962,Steven Miranda,joshua40@example.net,Male,2023-12-14,Amymouth,Netherlands Antilles
963,Olivia Reynolds,mccoyclayton@example.net,Other,2025-05-15,West Sarah,Guernsey
964,Sarah Lopez,osimon@example.com,Other,2024-08-14,Jameshaven,Botswana
965,Joshua Garcia,martineztheresa@example.org,Male,2024-08-19,Georgeview,Tajikistan
966,Susan Barrera,kristin04@example.org,Female,2024-06-12,Sparksfurt,Nauru
967,Robin Pittman,paulmedina@example.net,Male,2024-04-04,Port James,Slovakia (Slovak Republic)
968,Stephanie Gonzalez,christyrodriguez@example.net,Male,2024-11-21,East Claire,Finland
969,Andrew Diaz,elliottkimberly@example.net,Other,2024-05-12,Perkinsmouth,Djibouti
970,Laura Davis,aprilbaker@example.net,Male,2025-06-30,Kimville,Kuwait
971,Elizabeth Hale,griffinderrick@example.net,Female,2023-11-20,East Joshua,Jamaica
972,Amy Carlson,chudson@example.com,Female,2025-03-10,Lake Kristenside,Bouvet Island (Bouvetoya)
973,Jeffrey Mcdonald,shannonlynch@example.org,Female,2025-11-09,Sarahport,Chile
974,Leah Hess,keithmcclain@example.net,Female,2024-03-23,South Joshuaton,Georgia
975,Mrs. Sarah Anderson DVM,zmelendez@example.net,Male,2024-03-09,Christinaport,Canada
976,Johnny Cole,smoran@example.org,Other,2023-12-04,Anthonyberg,Marshall Islands
977,Anne Weber,johnsonjoseph@example.org,Other,2025-06-04,West Lance,Netherlands
978,Tammy Patel,greenshelby@example.org,Other,2024-05-10,Annaberg,Slovenia
979,Adam Carroll,alvarezbradley@example.net,Female,2025-06-13,South Michaelborough,Saint Helena
980,Danielle Garcia,mcclurelaura@example.net,Female,2024-07-04,Ralphfurt,Timor-Leste
981,Jennifer Scott,christopherbentley@example.org,Female,2025-05-25,East Henry,Hungary
982,Victor Dean,johnpoole@example.com,Male,2024-07-08,East Charlesfurt,Antigua and Barbuda
983,Scott Hardy,iprice@example.org,Other,2025-07-09,New Kyle,Mayotte
984,Christopher Hale,soniamassey@example.org,Female,2024-10-14,Cooperview,Grenada
985,Adam Bryant,jessemanning@example.com,Female,2024-04-08,Port Jonport,Cambodia
986,Phyllis Davis,christopher81@example.com,Other,2025-08-03,North David,Morocco
987,Donald Mercado,michaelanderson@example.org,Male,2024-02-13,Lake Christina,Cyprus
988,Michele Underwood,rileyjulie@example.org,Other,2024-07-06,Ramseyside,Egypt
989,Tiffany Curry,peterobrien@example.com,Other,2025-02-10,Samueltown,Morocco
990,Monica James,gutierrezamanda@example.org,Other,2025-02-07,Turnerburgh,Cyprus
991,Maria Leach,jhogan@example.org,Male,2025-06-24,Adamville,Martinique
992,Theresa Campbell,glamb@example.com,Other,2025-11-04,Port Ruthberg,Eritrea
993,Mark Morrison,kberry@example.org,Female,2024-05-17,Scottstad,Korea
994,Timothy Cannon,wtran@example.org,Male,2025-11-01,South Gregorymouth,Chile
995,Caitlin Pearson,egriffin@example.com,Male,2024-12-14,West Tonya,Andorra
996,Cheryl Martin,brian77@example.com,Other,2025-03-27,Gallegosport,South Georgia and the South Sandwich Islands
997,Brian Maxwell,raysarah@example.net,Other,2023-12-08,Barronstad,Burkina Faso
998,Jill Barry,sarahmccarthy@example.com,Other,2025-07-10,Daniellechester,China
999,Taylor Jones,andreamiles@example.net,Female,2024-11-19,Maryville,Comoros
1000,Samuel Chapman,tsilva@example.org,Male,2025-03-11,Santosside,Czech Republic
1001,Vincent Pittman,taylor09@example.net,Male,2023-12-03,South Aaron,Singapore
1002,Omar Richardson,harrisemma@example.net,Male,2024-09-25,Diazhaven,Georgia
1003,David Sanchez,vangchristopher@example.org,Other,2024-12-16,Lake Kenneth,Bangladesh
1004,Stephen Anderson,victoriamarks@example.org,Other,2024-04-24,East Erinberg,Sao Tome and Principe
1005,Megan Patton,rebeccajuarez@example.net,Female,2025-08-18,East Kristin,Fiji
1006,Maria Figueroa,stonealyssa@example.net,Female,2024-06-06,Port Philip,Oman
1007,Alan Nguyen,tiffanyprice@example.org,Female,2025-04-16,Donnafort,Turkmenistan
1008,Jamie Peterson,smayer@example.net,Other,2024-08-12,Lake Marcusshire,Montserrat
1009,Daniel Moore,alicia27@example.net,Male,2025-09-11,East Williammouth,Comoros
1010,Jeffrey Holden,cperkins@example.org,Female,2024-03-04,Wallston,Slovenia
1011,Abigail Meyer,shaneconner@example.com,Female,2023-11-30,New James,Niue
1012,Robert Adams,matthewsjames@example.com,Female,2025-02-24,Barbaraburgh,Honduras
1013,Dr. Samuel Moore,brianmedina@example.org,Male,2024-09-10,West Heatherton,Kenya
1014,Adam Henderson,johnsonjustin@example.org,Male,2024-08-01,Brianmouth,Taiwan
1015,Tammy Jimenez,aaron00@example.org,Female,2024-07-21,Port Yolanda,Palau
1016,Emily Ruiz,jscott@example.org,Female,2023-12-28,Ramirezmouth,Algeria
1017,Angie Bridges,alexandriahughes@example.com,Male,2025-08-21,New Warren,Ghana
1018,Raymond Baker,kathleenwilson@example.org,Other,2025-05-23,Michaelberg,Cambodia
1019,Melissa House,jessica16@example.org,Male,2025-07-04,Melissaberg,Kyrgyz Republic
1020,Samantha Mitchell,melindacook@example.net,Other,2025-11-10,East Derrick,Palestinian Territory
1021,Cynthia Smith,baldwindavid@example.net,Other,2024-09-05,Danielchester,Lesotho
1022,Caitlin Farrell,jenniferhart@example.com,Female,2024-11-12,North Erica,Serbia
1023,Thomas Johnson,ogarcia@example.com,Other,2024-12-20,North Shannon,Morocco
1024,Randy Miller,lisa38@example.org,Male,2025-05-03,Danashire,Netherlands Antilles
1025,Larry Dawson,imcintyre@example.org,Male,2024-05-03,West Amyside,Mexico
1026,Jessica Ford,jonathangarcia@example.net,Male,2024-09-07,Brownberg,Cameroon
1027,James Espinoza,bethanyrobinson@example.net,Female,2024-12-06,Johnmouth,Georgia
1028,James Nguyen,danielsjustin@example.org,Other,2025-07-17,West Natalie,Nepal
1029,Beverly Cunningham,lindsay41@example.com,Other,2024-09-18,South Marc,Falkland Islands (Malvinas)
1030,Melissa Nelson,spearsandrea@example.com,Other,2025-05-08,Justinshire,Bhutan
1031,Barbara Lane,kaitlinbanks@example.net,Other,2024-05-17,Brianborough,Norfolk Island
1032,Jacqueline Brown,sharonwilson@example.org,Other,2025-03-24,New Kimton,China
1033,Tiffany Williams,josemartin@example.com,Other,2024-01-09,South Dannyfurt,Nicaragua
1034,Antonio Hebert,johnmoran@example.net,Female,2025-07-12,Hernandezberg,Benin
1035,Jason Ortiz,batesdavid@example.org,Other,2025-09-20,Kellybury,Sri Lanka
1036,Eric Scott,abigailnorris@example.com,Female,2025-11-02,South Ariel,Guadeloupe
1037,Christina Gardner,brownkevin@example.com,Other,2024-01-13,Murraymouth,Sudan
1038,David Smith,omathews@example.org,Female,2025-05-07,Aguilarborough,Chile
1039,Ian Holmes,jade14@example.org,Other,2024-03-02,North Rebekah,Cambodia
1040,Theresa Turner,erica27@example.net,Other,2024-11-27,North Meganville,Isle of Man
1041,Sherri Stewart,oparker@example.com,Male,2024-10-04,Danielfurt,Malta
1042,Samuel Johnson,pchristian@example.net,Female,2024-10-04,North Michaelmouth,Saint Lucia
1043,Michael Pearson,seth97@example.net,Male,2024-12-20,New Michael,Ukraine
1044,Elizabeth Moon,ypearson@example.org,Male,2024-12-02,Henryville,Russian Federation
1045,Robin Buckley,stravis@example.com,Male,2023-12-26,Owensshire,Italy
1046,Joshua Best,roberthayes@example.net,Other,2023-12-09,Petersfurt,Kazakhstan
1047,Jose Ellis,williamschristy@example.com,Female,2024-12-25,Williamsville,Wallis and Futuna
1048,Lisa Austin,mercercrystal@example.net,Female,2025-03-20,Krausetown,Colombia
1049,Sara Jennings,rodneyshaw@example.org,Female,2025-07-02,New Sharon,Grenada
1050,Tracey Hunt,veronica73@example.net,Other,2024-09-02,Mercerborough,Morocco
1051,David Gibson,spencerregina@example.org,Male,2024-04-27,Kevinhaven,Ghana
1052,Lindsey Weaver,ewalton@example.net,Male,2025-01-05,Alexanderport,Algeria
1053,Eric Lester,heather23@example.com,Female,2025-10-03,Rachelberg,Bulgaria
1054,Brenda Reyes,matthewcampbell@example.net,Other,2024-07-28,South Michael,Ireland
1055,Justin Davis,joshua14@example.org,Other,2024-10-09,Shawnmouth,Bulgaria
1056,Connor Sherman,ydean@example.org,Female,2024-01-23,Robinsonmouth,Norfolk Island
1057,Brian Harper,patricia39@example.org,Female,2024-07-20,Michaelmouth,Moldova
1058,Jonathan Mahoney,longerin@example.org,Male,2024-10-13,Browntown,Pitcairn Islands
1059,Christopher Gibson,thomas07@example.com,Female,2025-05-29,Heatherfurt,Mozambique
1060,Zachary Lee,wwilson@example.org,Other,2024-09-03,Jamesville,Dominican Republic
1061,Barbara Ramirez,wucassandra@example.com,Male,2025-02-04,Jodimouth,Niue
1062,Gina Freeman,campbellcassandra@example.org,Female,2024-03-30,Jeffreyview,Greece
1063,David Hopkins,marycarr@example.com,Female,2024-06-09,Stephenshire,Australia
1064,Mrs. Karen Haynes,arnoldpaul@example.org,Male,2024-08-21,East Edwardtown,French Polynesia
1065,Christine Pitts,ashleysmith@example.net,Female,2024-05-05,Samuelfurt,Gambia
1066,Alison Jones,brandon99@example.org,Other,2024-11-13,Petersmouth,Ghana
1067,Jonathon Griffin,goodmanrachel@example.org,Female,2023-11-29,North Juanland,Egypt
1068,James Best,iryan@example.com,Male,2025-08-17,North Sarah,India
1069,Thomas Whitehead,bmorris@example.net,Other,2024-06-17,Wuview,Germany
1070,Kenneth Cole,leachtina@example.com,Male,2025-04-25,Lake Oliviaview,Switzerland
1071,Spencer Daugherty,david95@example.com,Female,2023-12-01,South Crystalfurt,Greece
1072,Caleb Rodriguez,michellemcclure@example.com,Other,2024-12-23,Sandrabury,Bahamas
1073,Kathy Wilson,abigailball@example.org,Other,2023-12-16,West Mackenzieview,Indonesia
1074,Tanya Thomas,wilsonjeffrey@example.net,Female,2024-09-26,New Paulburgh,French Southern Territories
1075,James Thompson,william24@example.com,Female,2025-07-27,Martinmouth,North Macedonia
1076,Kiara Hatfield,ashley29@example.com,Other,2024-05-16,Port Adamfort,Denmark
1077,Christopher Valentine,hilljanet@example.com,Female,2024-11-15,West Williamhaven,Gambia
1078,Gregory Gibson,williammathis@example.org,Female,2023-11-27,Sanchezberg,United States Minor Outlying Islands
1079,Michael Carpenter,seangarcia@example.com,Male,2025-06-30,Christianbury,Costa Rica
1080,Richard Davis,matthewsgary@example.org,Other,2024-11-16,Samanthafort,Austria
1081,Isaiah Smith,jessica63@example.org,Other,2023-12-27,Jacquelineburgh,China
1082,Randy Coleman,jonathan55@example.com,Female,2025-08-29,South Robin,Romania
1083,Derek Beltran,tmosley@example.net,Female,2025-03-07,North Tylershire,Bermuda
1084,Cameron Atkins,wooddebbie@example.net,Female,2025-05-31,West Aaronton,Guinea-Bissau
1085,Kimberly Johnson,amy75@example.net,Other,2025-08-22,Mcdonaldshire,Saint Martin
1086,Barbara Landry,kfrank@example.com,Male,2024-05-27,Boydmouth,Kenya
1087,Todd Ortega,wweiss@example.com,Other,2024-10-12,Lake Lindahaven,Greece
1088,Mrs. Allison Wheeler,slarson@example.net,Female,2024-09-08,New Javier,United Arab Emirates
1089,Johnathan Johnson,stephaniegarcia@example.com,Other,2024-02-02,Riosfort,Puerto Rico
1090,Sue Gonzalez,edwardsbonnie@example.com,Male,2024-11-27,Lake James,Cote d'Ivoire
1091,Barbara Davis,hinesbarbara@example.org,Male,2024-09-19,Alexanderchester,Turkey
1092,Amber Griffin,lauriewilliams@example.net,Other,2025-10-02,Mariahaven,Heard Island and McDonald Islands
1093,Robert Jenkins,pattonscott@example.org,Female,2024-12-17,Townsendmouth,United States Minor Outlying Islands
1094,Joseph Willis,hayneschristina@example.com,Female,2024-09-28,Jasonview,Tajikistan
1095,Nicole Tyler,mariedoyle@example.net,Other,2024-07-31,East Joyceberg,Greenland
1096,Martin Moore,bowenbilly@example.com,Male,2024-03-27,North Mitchell,Singapore
1097,Casey Castaneda,newtonjason@example.net,Other,2024-01-27,Melissamouth,Burkina Faso
1098,Ashley Wolf,tommydavis@example.org,Male,2025-02-14,Lake Jason,Nepal
1099,Gerald Ball,zfinley@example.com,Other,2024-10-13,Gibsonfurt,Dominica
1100,Kendra Allen,ryanbeth@example.org,Female,2024-09-14,Sandyfurt,Haiti
1101,Victoria Costa,frederickgordon@example.net,Other,2025-08-18,Murphyfurt,Israel
1102,Molly Garcia,hectorcabrera@example.org,Male,2024-07-31,East Catherine,Myanmar
1103,Albert Hall,vvelazquez@example.com,Male,2024-09-30,Khanstad,Antarctica (the territory South of 60 deg S)
1104,Melissa Williams,bwoods@example.org,Female,2024-11-04,North Steven,Saint Vincent and the Grenadines
1105,Joanne Phillips,darius18@example.org,Female,2024-09-02,New Ericmouth,Burkina Faso
1106,Lauren Hunt,doylekenneth@example.com,Other,2024-05-12,Alvarezhaven,Maldives
1107,Bailey Mann,fcook@example.net,Male,2024-09-07,Blackburnshire,Aruba
1108,John Johnson,jonesshannon@example.com,Male,2025-07-08,Port Christopher,Suriname
1109,Shannon Weaver,katherinefoster@example.net,Female,2023-11-28,Hornfort,Italy
1110,Javier Washington,ksmith@example.com,Female,2023-11-14,Lake Danielle,Tajikistan
1111,Mary Thomas,joseph06@example.com,Other,2025-08-21,Josephborough,Timor-Leste
1112,Katelyn Peterson,vmccullough@example.net,Female,2024-10-18,New Christine,New Zealand
1113,Robin Roberts,martinezashley@example.com,Female,2025-04-16,New Melissa,Holy See (Vatican City State)
1114,Devin Chase,hornelynn@example.net,Male,2025-02-01,Perezfurt,North Macedonia
1115,Jerry Barnett,omccoy@example.com,Male,2025-06-10,Margaretburgh,South Georgia and the South Sandwich Islands
1116,Angel Wolf,brenda43@example.com,Other,2024-11-22,Port Danny,Germany
1117,Jose Lee,sarahflowers@example.com,Other,2024-07-01,Corymouth,Slovakia (Slovak Republic)
1118,Frank Wilson,martincrawford@example.org,Other,2024-12-18,South Robintown,Antarctica (the territory South of 60 deg S)
1119,Sandra Calhoun,doyletammy@example.net,Other,2025-06-12,Hamiltonland,New Caledonia
1120,Steven Marshall,youngdavid@example.com,Male,2024-06-11,East Jacobhaven,Bahrain
1121,Melissa Williams,codyowen@example.com,Female,2025-01-14,North Christopher,Bermuda
1122,Kevin Carter,jfritz@example.org,Female,2024-02-21,Booneland,Chile
1123,Jason Cook,xleach@example.net,Female,2024-01-26,Shawbury,Sri Lanka
1124,Joel Medina,vincentrhonda@example.net,Other,2024-09-24,Ashleyton,Chad
1125,Sheri Wilson,fwest@example.net,Female,2025-02-21,South Kimberlyside,Hong Kong
1126,Audrey Bennett,carrjustin@example.com,Male,2023-12-05,New Guymouth,Guam
1127,Miranda Marsh,ianderson@example.org,Other,2025-05-04,North Nicholasburgh,Wallis and Futuna
1128,Kristen Martin,adrianamiller@example.net,Other,2025-05-03,Collinstown,Myanmar
1129,Evelyn Lawrence,maxwell60@example.net,Other,2024-10-30,North Jacquelineview,Saint Kitts and Nevis
1130,Joanna Costa,christina01@example.org,Other,2024-09-11,Port Melissa,Bouvet Island (Bouvetoya)
1131,Meredith Holloway,sandradunlap@example.org,Male,2024-05-06,Port Bruce,El Salvador
1132,Heather Ward,ramseysara@example.net,Other,2025-05-10,Millerstad,Croatia
1133,Yesenia Rojas,ryanking@example.net,Female,2024-12-30,Dawnstad,Thailand
1134,David Young,victoria24@example.net,Other,2025-07-12,East Amy,Botswana
1135,Ashley Fox,jonesjudy@example.com,Female,2024-10-17,Richardchester,Saint Kitts and Nevis
1136,Robert Johnson,robert37@example.org,Other,2024-08-27,Lake Markfort,Trinidad and Tobago
1137,Mrs. Maria Garza,walterandrew@example.org,Female,2024-10-17,Carlsonton,Mozambique
1138,Thomas Acevedo,angelablake@example.net,Female,2025-09-07,Katherineside,San Marino
1139,Michael Suarez,christine46@example.net,Other,2024-07-04,Brianberg,Greece
1140,Jasmine Gonzalez,xreyes@example.org,Male,2025-06-25,Lake Brendachester,Mali
1141,Sharon Perez,pedroblankenship@example.net,Female,2025-01-01,South Teresahaven,Iran
1142,Jonathan Tucker,david14@example.com,Female,2025-06-12,South Crystal,Croatia
1143,Matthew Randolph,robert90@example.org,Male,2024-01-11,Lake Bethville,Belize
1144,Timothy Howard,matthewball@example.com,Other,2025-08-11,Harrisfort,United States of America
1145,Tina Davidson,xmcguire@example.org,Other,2024-06-09,Millston,Egypt
1146,Collin Navarro,hardybrianna@example.com,Other,2025-07-30,Jamesport,Saint Barthelemy
1147,Jordan Arnold,moyerantonio@example.com,Male,2024-07-20,Lake Valeriefurt,Cameroon
1148,Victoria Murillo,maureensmith@example.com,Female,2025-02-27,Loriville,French Guiana
1149,Alexis Thompson,jasonjohnson@example.com,Female,2024-11-27,Ambershire,Sao Tome and Principe
1150,Jennifer Morris,shanethomas@example.net,Other,2024-03-28,New Adrianmouth,Algeria
1151,Denise Cortez,kayla71@example.org,Female,2023-12-11,Adamshaven,Maldives
1152,Anthony Key,akelley@example.org,Female,2024-08-01,Annaborough,Honduras
1153,James Hughes,rosesteven@example.org,Other,2025-04-21,North Kevin,Saint Helena
1154,Melissa Snow,zmurray@example.com,Male,2025-09-21,New Joshua,Nigeria
1155,Paul Wolf,nelsonmary@example.net,Female,2024-09-24,Hoffmanfurt,Guinea
1156,John Santiago,dianaowens@example.net,Female,2024-01-22,Port Ianport,Papua New Guinea
1157,Micheal Cole,ryan49@example.org,Female,2024-03-02,Keithside,Tokelau
1158,Melissa Allen,hailey52@example.org,Male,2024-08-23,East Aaron,Moldova
1159,Craig Hernandez,rodriguezbrent@example.net,Other,2024-10-29,West Lisafort,United States Virgin Islands
1160,Brett Thompson,julie79@example.net,Other,2024-01-15,Saratown,Slovakia (Slovak Republic)
1161,Justin Foster,michael93@example.net,Female,2024-04-20,Lake Pamelahaven,Monaco
1162,Emma Reynolds,gonzalezjennifer@example.com,Other,2024-12-30,Lake Wanda,Palestinian Territory
1163,Aaron Taylor,valerie17@example.org,Female,2025-11-01,Carolynstad,American Samoa
1164,Sharon Finley,enorman@example.net,Male,2024-02-21,Lake Rhonda,Jersey
1165,Jessica Yang,thomasmoreno@example.com,Male,2025-10-21,North Jessicaton,Ireland
1166,Brandi Reid,ingramdonna@example.com,Male,2025-03-11,New Lucasfurt,United States Minor Outlying Islands
1167,Christopher Rivera,nortondustin@example.org,Female,2024-02-17,Brandimouth,Rwanda
1168,Cody Haney,gthomas@example.org,Female,2025-02-11,South Rebecca,Trinidad and Tobago
1169,Mr. Wesley Sims PhD,garrisondarius@example.com,Male,2024-01-12,Kellyside,Colombia
1170,Matthew Paul MD,ashley41@example.com,Other,2023-11-21,Olsonshire,Colombia
1171,Jack Hodge,kingamy@example.com,Male,2024-04-27,Cohenland,Guadeloupe
1172,Heather Woods,julia35@example.com,Male,2024-01-02,New James,Switzerland
1173,Teresa Hood,warrentom@example.net,Male,2025-08-17,Fordburgh,Turkmenistan
1174,Erin Garrett,kirstenfuller@example.com,Other,2025-05-09,Josephstad,Montenegro
1175,Kristen Hall,wagnerbrandon@example.org,Male,2025-04-22,West Geraldburgh,Svalbard & Jan Mayen Islands
1176,Felicia Ryan,jeffreytaylor@example.org,Male,2024-08-27,Lake Jennifer,Bahamas
1177,David Ferguson,scott77@example.com,Female,2024-11-17,Lake Kevinport,Palau
1178,Brandon Wheeler,bruce19@example.org,Female,2024-03-17,Ericaberg,Lao People's Democratic Republic
1179,Nathaniel Kelly,sharon98@example.org,Other,2024-08-16,West Michaelbury,Guinea-Bissau
1180,Erin Lester,jhines@example.com,Other,2024-01-24,West Anthony,Kyrgyz Republic
1181,Anthony Goodwin,ashleygilbert@example.org,Male,2023-11-25,Anitaton,Costa Rica
1182,Ryan Morris,gregory54@example.net,Female,2024-07-09,Keyton,Bahrain
1183,Stephen Shepherd,morgansherman@example.net,Male,2025-11-05,Beasleybury,Madagascar
1184,William Davis,william95@example.com,Other,2024-12-31,Stoneborough,Samoa
1185,Vincent Wade,james85@example.com,Female,2024-07-09,New Timothychester,Chile
1186,William Mcintyre,hallen@example.net,Female,2025-09-13,North Shawn,New Zealand
1187,Tara Cruz,joshua29@example.org,Other,2025-04-24,New Amy,Antarctica (the territory South of 60 deg S)
1188,Matthew Franklin,serranoandrew@example.com,Male,2025-09-24,Jonathanborough,Belize
1189,Bradley Williams,daniel70@example.org,Male,2025-06-02,Bobbyland,Barbados
1190,Dana Jacobs,zanderson@example.net,Other,2024-05-11,Maysside,Australia
1191,Robert Hansen,rowecarla@example.net,Other,2025-03-11,South Austin,Canada
1192,Paul Hawkins,tyler29@example.net,Female,2024-04-27,Port Cassie,Reunion
1193,Chris Hughes,kevin87@example.com,Other,2025-03-18,Port Maxwellview,Grenada
1194,Russell Fowler,katherine39@example.com,Female,2024-11-15,Jonesport,Sudan
1195,Kathleen Miller,gallowaydavid@example.org,Female,2024-01-13,Port Davidstad,Taiwan
1196,Jordan Walker,floreswilliam@example.com,Female,2024-07-31,North Johnmouth,Japan
1197,Jason Brown,alfred81@example.org,Female,2025-02-21,Shieldsview,Somalia
1198,Katherine Russo,afloyd@example.net,Male,2024-10-12,Katiestad,Costa Rica
1199,Danielle Norton,jonathanrodriguez@example.com,Male,2024-05-14,South Calebstad,Azerbaijan
1200,James Smith,aaronrice@example.net,Other,2025-03-15,Martineztown,Turkmenistan
