product_id,name,category,price,stock
1,Expanded asymmetric focus group Standard,Books,877.11,380
2,Optimized global core Pro,Pet Supplies,37.73,198
3,Function-based eco-centric conglomeration Deluxe,Electronics,874.38,236
4,Quality-focused optimizing website Basic,Health & Beauty,943.08,92
5,Persevering intangible instruction set Standard,Home & Garden,134.88,52
6,Persistent mobile open architecture Basic,Automotive,796.47,107
7,Optimized even-keeled matrices Pro,Food & Beverages,334.52,21
8,Function-based web-enabled paradigm Premium,Sports & Outdoors,181.7,356
9,Networked asynchronous synergy Standard,Food & Beverages,72.23,444
10,Horizontal 3rdgeneration task-force Deluxe,Health & Beauty,403.36,468
11,Object-based intermediate application Deluxe,Pet Supplies,751.97,457
12,Robust dedicated benchmark Basic,Sports & Outdoors,689.89,9
13,Object-based 4thgeneration strategy Standard,Food & Beverages,805.98,221
14,Object-based clear-thinking archive Deluxe,Books,239.15,91
15,Proactive background extranet Standard,Books,771.54,342
16,Secured regional knowledge user Pro,Electronics,107.15,264
17,Fully-configurable interactive knowledge user Standard,Electronics,374.51,124
18,Mandatory mobile application Deluxe,Pet Supplies,218.81,276
19,Focused object-oriented monitoring Basic,Clothing,960.7,436
20,Total maximized leverage Deluxe,Food & Beverages,706.68,247
21,Programmable contextually-based pricing structure Standard,Sports & Outdoors,884.95,375
22,Configurable 4thgeneration initiative Deluxe,Health & Beauty,504.2,275
23,Cross-platform real-time archive Pro,Food & Beverages,903.49,334
24,Digitized 24/7 ability Standard,Health & Beauty,263.46,77
25,Cloned bi-directional moratorium Premium,Food & Beverages,193.16,471
26,Future-proofed high-level knowledgebase Pro,Food & Beverages,961.2,188
27,Upgradable neutral artificial intelligence Basic,Clothing,332.41,256
28,Cross-group bi-directional hardware Deluxe,Pet Supplies,36.91,195
29,Vision-oriented actuating success Pro,Clothing,449.79,272
30,Robust incremental orchestration Standard,Books,376.01,229
31,Virtual tertiary pricing structure Premium,Pet Supplies,118.78,38
32,Customizable zero administration productivity Pro,Books,436.42,387
33,Decentralized context-sensitive array Premium,Toys & Games,422.6,303
34,Intuitive multi-state open architecture Basic,Pet Supplies,632.8,275
35,Realigned neutral superstructure Basic,Food & Beverages,315.86,213
36,Expanded holistic analyzer Standard,Food & Beverages,11.3,60
37,Persistent static customer loyalty Deluxe,Food & Beverages,982.73,254
38,Mandatory human-resource frame Standard,Automotive,543.63,54
39,Intuitive intangible artificial intelligence Deluxe,Clothing,971.31,72
40,Polarized systematic knowledgebase Pro,Clothing,991.14,325
41,Enhanced bandwidth-monitored matrices Premium,Health & Beauty,461.32,6
42,Versatile 24hour Graphic Interface Premium,Pet Supplies,642.67,323
43,Object-based context-sensitive open system Deluxe,Electronics,646.63,6
44,Focused next generation array Standard,Toys & Games,362.18,350
45,Reduced transitional model Basic,Clothing,809.76,383
46,Robust bifurcated archive Premium,Health & Beauty,116.43,318
47,Profit-focused background archive Deluxe,Sports & Outdoors,863.91,426
48,Self-enabling full-range parallelism Premium,Food & Beverages,790.08,238
49,Inverse motivating pricing structure Deluxe,Automotive,657.92,295
50,Centralized explicit array Pro,Automotive,464.6,208
51,Ameliorated encompassing data-warehouse Deluxe,Pet Supplies,514.14,159
52,Upgradable even-keeled Local Area Network Basic,Books,481.43,405
53,Cross-platform empowering intranet Deluxe,Automotive,555.73,209
54,Progressive scalable flexibility Premium,Automotive,400.34,343
55,Synchronized stable budgetary management Deluxe,Electronics,889.56,417
56,Customer-focused transitional infrastructure Basic,Books,336.74,418
57,Pre-emptive grid-enabled throughput Deluxe,Health & Beauty,981.89,415
58,Team-oriented non-volatile success Standard,Home & Garden,385.46,295
59,Distributed tangible capability Deluxe,Books,484.27,422
60,Implemented optimal flexibility Basic,Pet Supplies,952.25,87
61,Multi-layered hybrid ability Premium,Sports & Outdoors,697.16,38
62,Adaptive dynamic database Standard,Pet Supplies,614.64,393
63,Balanced tertiary encoding Standard,Automotive,925.58,402
64,Pre-emptive needs-based moratorium Deluxe,Health & Beauty,438.72,353
65,Re-contextualized stable info-mediaries Pro,Sports & Outdoors,69.62,121
66,Persevering optimizing Graphical User Interface Basic,Toys & Games,527.61,331
67,Mandatory next generation matrices Deluxe,Home & Garden,581.06,195
68,Advanced methodical contingency Standard,Automotive,89.37,102
69,Innovative national access Pro,Books,925.26,11
70,Down-sized explicit hub Standard,Food & Beverages,430.42,239
71,Robust 6thgeneration system engine Basic,Sports & Outdoors,635.08,17
72,Networked value-added extranet Premium,Books,821.02,79
73,Seamless 5thgeneration forecast Premium,Clothing,946.7,457
74,Secured directional help-desk Standard,Food & Beverages,864.52,311
75,Synergistic fresh-thinking definition Deluxe,Pet Supplies,934.07,73
76,Organic methodical benchmark Basic,Clothing,172.14,389
77,Polarized context-sensitive capability Deluxe,Sports & Outdoors,390.27,497
78,Public-key even-keeled artificial intelligence Basic,Sports & Outdoors,216.25,252
79,Realigned didactic alliance Premium,Health & Beauty,965.83,194
80,Total didactic artificial intelligence Basic,Food & Beverages,561.7,499
81,Vision-oriented grid-enabled system engine Deluxe,Home & Garden,827.24,348
82,Versatile asymmetric flexibility Deluxe,Sports & Outdoors,574.05,182
83,Horizontal object-oriented encryption Deluxe,Health & Beauty,505.48,416
84,Digitized systematic firmware Deluxe,Automotive,944.99,341
85,Sharable incremental analyzer Basic,Books,338.69,300
86,Phased client-driven synergy Basic,Sports & Outdoors,281.05,38
87,Enterprise-wide value-added concept Standard,Health & Beauty,719.52,423
88,Reactive holistic approach Premium,Books,477.95,122
89,Multi-lateral radical synergy Standard,Toys & Games,324.54,381
90,User-friendly mobile data-warehouse Premium,Food & Beverages,438.83,304
91,Proactive directional complexity Standard,Books,674.34,187
92,Re-engineered dynamic artificial intelligence Basic,Home & Garden,719.25,55
93,Networked well-modulated secured line Pro,Food & Beverages,151.73,428
94,Cross-platform systematic analyzer Basic,Electronics,481.52,4
95,Synergistic scalable matrix Pro,Toys & Games,445.78,273
96,Triple-buffered high-level capability Pro,Electronics,841.04,232
97,Multi-layered zero-defect forecast Pro,Books,958.23,399
98,Advanced multi-tasking infrastructure Pro,Automotive,652.53,494
99,Intuitive mission-critical complexity Deluxe,Electronics,694.7,164
100,Self-enabling needs-based circuit Standard,Pet Supplies,718.81,437
101,Multi-layered national Local Area Network Basic,Books,647.3,119
102,Fully-configurable local benchmark Standard,Food & Beverages,250.54,47
103,Face-to-face exuding Graphic Interface Basic,Health & Beauty,846.0,242
104,Universal content-based open system Deluxe,Home & Garden,465.03,361
105,Face-to-face client-driven flexibility Basic,Pet Supplies,948.77,85
106,Monitored fresh-thinking success Pro,Food & Beverages,988.32,271
107,Diverse heuristic paradigm Basic,Home & Garden,90.89,259
108,Diverse needs-based matrices Deluxe,Food & Beverages,778.14,412
109,Cloned zero administration analyzer Basic,Toys & Games,818.66,476
110,Devolved discrete definition Pro,Health & Beauty,276.59,364
111,Re-engineered bandwidth-monitored migration Standard,Toys & Games,996.49,154
112,Stand-alone value-added alliance Basic,Home & Garden,768.21,18
113,Down-sized multi-tasking system engine Basic,Toys & Games,725.12,175
114,Decentralized fault-tolerant archive Deluxe,Home & Garden,537.59,266
115,Exclusive intangible adapter Pro,Food & Beverages,64.2,309
116,Balanced full-range paradigm Premium,Food & Beverages,981.25,202
117,Re-engineered systemic secured line Premium,Sports & Outdoors,225.01,96
118,Enterprise-wide multi-tasking data-warehouse Premium,Toys & Games,800.3,106
119,Realigned hybrid paradigm Pro,Health & Beauty,698.74,215
120,Devolved zero-defect productivity Premium,Clothing,505.28,85
121,Seamless multi-tasking utilization Standard,Health & Beauty,794.93,5
122,User-centric actuating capability Premium,Sports & Outdoors,20.36,406
123,Monitored grid-enabled extranet Deluxe,Food & Beverages,978.18,59
124,Customer-focused hybrid knowledgebase Basic,Clothing,741.18,235
125,Horizontal intangible groupware Standard,Pet Supplies,104.16,316
126,Assimilated zero administration moderator Premium,Health & Beauty,889.43,0
127,Innovative high-level matrices Pro,Pet Supplies,595.03,425
128,Organic next generation system engine Pro,Pet Supplies,480.41,7
129,Multi-tiered clear-thinking function Pro,Sports & Outdoors,491.51,255
130,Future-proofed exuding hierarchy Deluxe,Pet Supplies,771.0,121
131,Innovative 4thgeneration Graphic Interface Basic,Food & Beverages,934.93,498
132,Operative needs-based software Deluxe,Food & Beverages,537.31,489
133,Networked uniform hierarchy Basic,Books,987.41,104
134,Configurable actuating extranet Standard,Health & Beauty,385.31,305
135,Public-key object-oriented protocol Basic,Pet Supplies,190.58,475
136,Reverse-engineered bottom-line task-force Premium,Clothing,721.51,312
137,Synergistic solution-oriented contingency Basic,Clothing,773.62,230
138,Stand-alone global approach Pro,Books,201.7,451
139,Multi-layered exuding monitoring Basic,Food & Beverages,411.17,189
140,Adaptive regional instruction set Premium,Electronics,191.85,215
141,Versatile asymmetric emulation Deluxe,Electronics,179.31,381
142,Organized local focus group Pro,Electronics,208.95,81
143,Re-contextualized systematic support Pro,Home & Garden,275.55,430
144,Open-architected empowering Graphic Interface Deluxe,Home & Garden,860.43,284
145,Ameliorated stable algorithm Pro,Pet Supplies,996.74,393
146,Profound explicit monitoring Pro,Food & Beverages,355.16,98
147,Fully-configurable holistic benchmark Deluxe,Sports & Outdoors,755.51,199
148,Customizable zero-defect benchmark Basic,Food & Beverages,694.07,276
149,Object-based disintermediate knowledgebase Basic,Pet Supplies,688.39,79
150,Adaptive client-driven software Basic,Home & Garden,758.56,77
151,Exclusive dedicated hardware Premium,Food & Beverages,631.59,324
152,Seamless holistic attitude Pro,Clothing,139.61,145
153,Compatible tertiary knowledgebase Premium,Pet Supplies,239.29,427
154,Team-oriented executive application Pro,Books,745.82,439
155,Automated modular encoding Basic,Home & Garden,918.28,184
156,Multi-lateral intermediate emulation Premium,Sports & Outdoors,510.95,89
157,Polarized motivating task-force Premium,Clothing,790.16,385
158,Fully-configurable user-facing collaboration Premium,Electronics,677.29,202
159,Sharable disintermediate website Basic,Toys & Games,842.2,381
160,Re-engineered hybrid contingency Standard,Clothing,828.1,295
161,Grass-roots contextually-based standardization Basic,Toys & Games,248.19,207
162,Vision-oriented zero administration policy Standard,Books,498.49,260
163,Sharable client-driven circuit Standard,Automotive,208.35,350
164,Synergized 24hour project Premium,Automotive,266.13,266
165,Fundamental reciprocal firmware Premium,Automotive,478.97,127
166,Virtual didactic monitoring Basic,Books,857.83,180
167,Synergized bi-directional forecast Deluxe,Toys & Games,940.36,211
168,Function-based foreground Graphical User Interface Standard,Home & Garden,116.47,331
169,Operative value-added support Standard,Automotive,169.84,475
170,Quality-focused directional array Deluxe,Health & Beauty,54.18,142
171,Profit-focused multi-state neural-net Standard,Health & Beauty,913.27,428
172,Seamless multi-state throughput Premium,Books,269.15,98
173,Devolved upward-trending portal Premium,Health & Beauty,558.16,267
174,Business-focused responsive array Pro,Sports & Outdoors,384.4,335
175,Fully-configurable eco-centric archive Basic,Books,855.18,379
176,De-engineered optimizing database Deluxe,Books,230.48,206
177,Synergistic eco-centric parallelism Premium,Pet Supplies,115.57,328
178,Enhanced user-facing architecture Premium,Clothing,874.85,112
179,Optional dedicated functionalities Deluxe,Health & Beauty,603.51,16
180,Quality-focused multi-state Internet solution Pro,Health & Beauty,479.3,274
181,Business-focused web-enabled projection Pro,Home & Garden,926.42,295
182,Assimilated non-volatile software Pro,Home & Garden,761.5,31
183,Function-based stable policy Premium,Home & Garden,845.71,409
184,Seamless static conglomeration Pro,Food & Beverages,31.55,286
185,Multi-layered systemic challenge Deluxe,Toys & Games,498.4,34
186,Distributed needs-based neural-net Basic,Clothing,941.49,399
187,Inverse logistical customer loyalty Premium,Electronics,579.61,217
188,Horizontal discrete open system Premium,Books,800.9,488
189,Virtual even-keeled website Basic,Books,458.17,262
190,Down-sized tangible archive Deluxe,Clothing,692.61,73
191,Quality-focused holistic concept Premium,Pet Supplies,363.76,123
192,Configurable zero tolerance forecast Deluxe,Books,277.27,10
193,Business-focused background budgetary management Standard,Books,146.61,60
194,Up-sized bottom-line portal Standard,Electronics,304.78,485
195,Right-sized asymmetric alliance Standard,Automotive,372.75,105
196,Cross-group 5thgeneration focus group Standard,Food & Beverages,947.35,312
197,Implemented exuding application Basic,Toys & Games,163.39,139
198,Persevering scalable hierarchy Basic,Pet Supplies,612.57,430
199,Operative transitional framework Deluxe,Automotive,409.19,303
200,Vision-oriented tertiary toolset Premium,Sports & Outdoors,863.37,252
201,Team-oriented object-oriented help-desk Basic,Clothing,679.4,378
202,Cloned hybrid focus group Deluxe,Home & Garden,348.05,224
203,Visionary dynamic framework Deluxe,Books,247.71,109
204,User-friendly demand-driven website Standard,Home & Garden,426.3,261
205,Integrated optimal intranet Premium,Toys & Games,364.8,89
206,Enhanced intermediate Graphical User Interface Deluxe,Toys & Games,58.55,81
207,Re-contextualized executive model Premium,Toys & Games,133.82,422
208,Cloned transitional website Deluxe,Sports & Outdoors,915.55,288
209,Reverse-engineered fault-tolerant access Basic,Home & Garden,38.64,373
210,Inverse homogeneous parallelism Deluxe,Pet Supplies,88.85,126
211,Intuitive eco-centric capability Deluxe,Health & Beauty,684.65,239
212,Inverse uniform conglomeration Premium,Books,609.89,20
213,Extended 4thgeneration budgetary management Basic,Toys & Games,574.48,485
214,Expanded directional focus group Pro,Sports & Outdoors,776.11,378
215,Balanced system-worthy paradigm Deluxe,Books,189.51,356
216,Focused mission-critical orchestration Pro,Books,796.37,174
217,Balanced fresh-thinking help-desk Pro,Sports & Outdoors,496.43,61
218,Cloned discrete software Deluxe,Electronics,791.8,111
219,Upgradable content-based installation Standard,Pet Supplies,282.05,327
220,Enterprise-wide transitional productivity Pro,Health & Beauty,93.96,445
221,Organized multimedia task-force Deluxe,Food & Beverages,947.67,11
222,Multi-lateral systemic middleware Pro,Health & Beauty,804.82,130
223,Managed background infrastructure Premium,Pet Supplies,989.22,305
224,User-centric homogeneous Graphical User Interface Standard,Toys & Games,748.38,490
225,Realigned context-sensitive circuit Standard,Electronics,488.25,231
226,Re-engineered zero administration leverage Basic,Toys & Games,439.35,420
227,Implemented user-facing frame Pro,Health & Beauty,462.99,165
228,Down-sized mission-critical moderator Pro,Sports & Outdoors,178.82,459
229,Exclusive static task-force Standard,Toys & Games,835.75,29
230,User-centric local parallelism Standard,Food & Beverages,989.21,5
231,Persistent motivating infrastructure Pro,Pet Supplies,17.1,100
232,Progressive radical conglomeration Pro,Home & Garden,195.44,156
233,Adaptive mobile middleware Pro,Books,794.35,37
234,Grass-roots intangible standardization Basic,Home & Garden,795.26,231
235,Optimized non-volatile hardware Standard,Toys & Games,709.41,378
236,Horizontal discrete hub Premium,Home & Garden,954.47,3
237,Balanced 24hour info-mediaries Standard,Automotive,361.2,408
238,Synergistic grid-enabled methodology Premium,Health & Beauty,824.21,271
239,Down-sized homogeneous Graphic Interface Premium,Clothing,950.92,432
240,Virtual dynamic utilization Standard,Automotive,336.42,259
241,Synergized 24/7 moratorium Pro,Books,598.58,138
242,Persevering tangible software Standard,Health & Beauty,478.12,172
243,Progressive fault-tolerant pricing structure Premium,Sports & Outdoors,996.13,316
244,Optimized actuating database Pro,Health & Beauty,666.02,280
245,Upgradable executive interface Standard,Home & Garden,938.21,290
246,Optimized dynamic portal Standard,Food & Beverages,800.96,295
247,Secured web-enabled hierarchy Pro,Automotive,741.08,105
248,Focused didactic synergy Standard,Automotive,260.25,332
249,Focused demand-driven attitude Standard,Health & Beauty,674.27,189
250,Self-enabling dedicated open architecture Deluxe,Clothing,79.1,88
251,Reduced exuding toolset Basic,Food & Beverages,538.89,477
252,Multi-tiered content-based functionalities Pro,Health & Beauty,911.55,465
253,Implemented even-keeled knowledge user Basic,Electronics,298.71,425
254,Future-proofed didactic frame Pro,Food & Beverages,557.12,414
255,Assimilated multimedia conglomeration Pro,Food & Beverages,523.47,96
256,Right-sized explicit moratorium Deluxe,Pet Supplies,702.3,260
257,Multi-tiered content-based protocol Pro,Sports & Outdoors,941.69,10
258,Reactive national support Basic,Toys & Games,57.69,406
259,Customer-focused holistic monitoring Standard,Books,468.94,467
260,Team-oriented encompassing hierarchy Premium,Pet Supplies,246.31,129
261,Synergized system-worthy initiative Standard,Food & Beverages,964.45,291
262,Innovative system-worthy system engine Deluxe,Home & Garden,399.03,144
263,Extended neutral monitoring Basic,Electronics,160.08,73
264,Optimized client-driven initiative Basic,Sports & Outdoors,832.46,20
265,Sharable eco-centric task-force Deluxe,Books,440.85,463
266,Total maximized contingency Deluxe,Electronics,698.31,358
267,Focused 24/7 alliance Premium,Electronics,317.92,216
268,Centralized secondary moratorium Pro,Clothing,301.18,411
269,Configurable user-facing Graphic Interface Pro,Health & Beauty,168.02,247
270,Focused multi-state Internet solution Standard,Toys & Games,966.71,109
271,Centralized needs-based protocol Pro,Toys & Games,122.76,410
272,Reduced eco-centric methodology Deluxe,Home & Garden,596.95,125
273,Object-based asymmetric info-mediaries Premium,Food & Beverages,69.78,325
274,Optimized solution-oriented hardware Pro,Health & Beauty,993.27,233
275,Optimized bi-directional concept Deluxe,Toys & Games,104.23,369
276,Multi-tiered stable success Deluxe,Sports & Outdoors,279.86,481
277,Assimilated user-facing data-warehouse Premium,Clothing,944.16,283
278,Multi-layered methodical challenge Pro,Sports & Outdoors,946.1,327
279,User-centric encompassing complexity Basic,Electronics,793.41,257
280,Ameliorated next generation portal Premium,Toys & Games,792.72,415
281,Enhanced demand-driven throughput Basic,Books,600.41,72
282,Extended object-oriented policy Standard,Home & Garden,215.59,279
283,Multi-tiered grid-enabled application Premium,Pet Supplies,713.4,115
284,Quality-focused scalable system engine Pro,Sports & Outdoors,719.91,284
285,Fundamental real-time standardization Standard,Sports & Outdoors,211.75,418
286,Business-focused responsive groupware Basic,Electronics,898.5,60
287,Multi-channeled directional system engine Standard,Pet Supplies,863.74,242
288,Fully-configurable discrete budgetary management Premium,Home & Garden,90.59,131
289,Synergized fault-tolerant matrices Deluxe,Clothing,583.76,31
290,Automated tangible function Basic,Electronics,976.2,151
291,Profound demand-driven contingency Deluxe,Food & Beverages,854.84,168
292,Progressive explicit pricing structure Premium,Pet Supplies,249.78,146
293,Adaptive composite Internet solution Deluxe,Health & Beauty,777.43,264
294,Quality-focused hybrid function Standard,Automotive,866.52,178
295,Team-oriented disintermediate artificial intelligence Premium,Toys & Games,97.19,243
296,Expanded interactive knowledgebase Standard,Pet Supplies,716.11,426
297,Proactive fresh-thinking monitoring Pro,Food & Beverages,142.98,226
298,Multi-layered composite matrices Pro,Pet Supplies,14.43,305
299,Compatible mission-critical core Premium,Clothing,208.0,87
300,Intuitive stable software Basic,Sports & Outdoors,799.77,129
301,Synergistic object-oriented task-force Pro,Pet Supplies,729.08,272
302,Optional web-enabled protocol Deluxe,Pet Supplies,850.18,238
303,Operative transitional array Premium,Health & Beauty,227.9,158
304,Up-sized 4thgeneration process improvement Deluxe,Pet Supplies,602.63,456
305,Front-line executive interface Standard,Health & Beauty,65.15,195
306,Exclusive multimedia time-frame Premium,Health & Beauty,647.92,24
307,Networked analyzing parallelism Pro,Food & Beverages,865.14,24
308,Enterprise-wide system-worthy capability Basic,Electronics,542.12,143
309,Cross-group eco-centric help-desk Deluxe,Automotive,219.73,498
310,Horizontal multi-tasking model Standard,Electronics,190.66,249
311,Triple-buffered cohesive matrix Deluxe,Toys & Games,889.28,240
312,Multi-layered leadingedge open architecture Standard,Electronics,874.75,38
313,Exclusive motivating projection Pro,Pet Supplies,759.53,369
314,Innovative uniform frame Pro,Automotive,805.01,363
315,Visionary needs-based hub Deluxe,Food & Beverages,448.57,197
316,User-centric zero administration emulation Pro,Automotive,458.49,41
317,Proactive mission-critical middleware Pro,Clothing,525.3,316
318,Object-based well-modulated functionalities Pro,Home & Garden,633.03,244
319,Multi-tiered mobile capability Premium,Pet Supplies,117.11,360
320,User-centric bandwidth-monitored intranet Premium,Books,553.98,227
321,Mandatory demand-driven Internet solution Premium,Clothing,211.93,414
322,Devolved asynchronous toolset Basic,Home & Garden,61.7,234
323,Proactive bandwidth-monitored matrix Standard,Automotive,643.9,77
324,Open-architected next generation knowledge user Premium,Home & Garden,683.64,155
325,Devolved directional middleware Basic,Home & Garden,280.36,463
326,Streamlined optimal hardware Standard,Sports & Outdoors,314.93,94
327,Programmable full-range policy Pro,Books,769.16,406
328,Cross-platform 5thgeneration standardization Premium,Home & Garden,94.71,40
329,Visionary bi-directional alliance Deluxe,Pet Supplies,183.99,91
330,Mandatory zero administration open architecture Basic,Sports & Outdoors,100.32,309
331,Monitored neutral open system Deluxe,Electronics,685.96,279
332,Optional uniform core Premium,Pet Supplies,132.33,321
333,Business-focused incremental middleware Deluxe,Food & Beverages,94.88,199
334,Cloned multi-state concept Standard,Sports & Outdoors,451.04,68
335,Future-proofed context-sensitive Local Area Network Basic,Clothing,938.2,155
336,Diverse local intranet Pro,Toys & Games,123.6,323
337,Persistent methodical budgetary management Deluxe,Clothing,874.96,179
338,Reverse-engineered encompassing challenge Pro,Automotive,148.35,21
339,Reverse-engineered high-level collaboration Deluxe,Health & Beauty,39.0,441
340,Self-enabling well-modulated forecast Standard,Home & Garden,583.51,394
341,Upgradable human-resource projection Deluxe,Health & Beauty,542.99,471
342,Multi-tiered full-range Graphic Interface Standard,Pet Supplies,827.01,261
343,Virtual asynchronous policy Basic,Clothing,309.49,428
344,Integrated bandwidth-monitored frame Premium,Automotive,674.95,70
345,Synergistic regional matrix Deluxe,Automotive,649.33,409
346,Right-sized solution-oriented middleware Standard,Sports & Outdoors,340.45,171
347,Phased hybrid Internet solution Deluxe,Health & Beauty,679.68,433
348,Progressive solution-oriented groupware Pro,Health & Beauty,329.36,252
349,Focused dedicated implementation Premium,Books,524.68,55
350,Realigned dedicated installation Premium,Food & Beverages,134.35,96
351,Universal human-resource capability Standard,Electronics,402.13,349
352,Optional directional neural-net Basic,Home & Garden,246.47,261
353,Grass-roots interactive throughput Basic,Clothing,325.75,324
354,Function-based demand-driven alliance Deluxe,Clothing,519.34,88
355,Distributed well-modulated frame Pro,Toys & Games,523.69,89
356,Enterprise-wide local hub Pro,Electronics,850.87,370
357,Upgradable even-keeled installation Standard,Electronics,859.77,415
358,Virtual optimizing implementation Deluxe,Electronics,834.07,80
359,Reduced regional model Standard,Automotive,64.99,12
360,Ergonomic empowering function Basic,Clothing,404.37,106
361,Reverse-engineered uniform monitoring Premium,Toys & Games,79.69,153
362,Decentralized disintermediate synergy Premium,Electronics,615.67,50
363,Cross-group discrete task-force Pro,Home & Garden,211.39,346
364,Sharable fresh-thinking encryption Pro,Pet Supplies,516.99,137
365,Synergized reciprocal collaboration Basic,Home & Garden,43.6,316
366,Cross-group web-enabled paradigm Premium,Home & Garden,267.87,197
367,Proactive methodical workforce Deluxe,Home & Garden,556.32,4
368,Cross-group 24hour pricing structure Pro,Automotive,354.08,290
369,Profit-focused intermediate definition Standard,Food & Beverages,228.76,195
370,Ameliorated solution-oriented secured line Standard,Home & Garden,460.34,65
371,Up-sized explicit policy Premium,Toys & Games,218.15,284
372,Sharable homogeneous ability Pro,Toys & Games,769.3,321
373,Synergistic non-volatile secured line Pro,Books,740.87,297
374,Inverse empowering customer loyalty Standard,Electronics,735.43,282
375,Profit-focused uniform protocol Basic,Toys & Games,475.64,322
376,Multi-tiered attitude-oriented knowledgebase Basic,Sports & Outdoors,492.06,182
377,Total full-range encryption Pro,Books,114.26,27
378,Proactive mobile conglomeration Pro,Electronics,885.01,308
379,Persistent client-driven hierarchy Basic,Electronics,682.45,385
380,Fundamental 6thgeneration instruction set Standard,Books,292.37,118
381,Optimized tangible portal Pro,Books,694.72,31
382,Phased eco-centric projection Deluxe,Clothing,395.26,417
383,Multi-channeled holistic benchmark Basic,Health & Beauty,753.25,450
384,Persevering actuating customer loyalty Standard,Automotive,49.08,158
385,Automated even-keeled core Basic,Home & Garden,161.24,35
386,Grass-roots bottom-line architecture Basic,Sports & Outdoors,604.54,314
387,Reverse-engineered optimizing complexity Premium,Automotive,151.74,19
388,Re-engineered web-enabled middleware Standard,Automotive,587.07,491
389,Re-contextualized context-sensitive encoding Deluxe,Electronics,533.98,385
390,Networked analyzing solution Deluxe,Home & Garden,537.23,32
391,De-engineered even-keeled open architecture Pro,Toys & Games,465.3,370
392,Reduced system-worthy utilization Premium,Toys & Games,835.61,403
393,Multi-tiered global hub Standard,Electronics,612.03,236
394,Enhanced value-added system engine Premium,Home & Garden,808.85,82
395,Managed national focus group Basic,Food & Beverages,852.8,393
396,Intuitive multi-tasking software Standard,Sports & Outdoors,247.84,230
397,Optimized stable throughput Standard,Sports & Outdoors,466.24,361
398,Object-based national Graphical User Interface Standard,Automotive,234.52,136
399,Cross-platform executive time-frame Basic,Automotive,618.01,224
400,Multi-layered upward-trending analyzer Premium,Clothing,692.92,25
401,Persevering actuating productivity Premium,Health & Beauty,621.36,417
402,Public-key client-server support Basic,Pet Supplies,640.43,326
403,Synergistic human-resource flexibility Basic,Home & Garden,946.02,311
404,Synchronized empowering Graphic Interface Basic,Food & Beverages,910.04,294
405,Customizable full-range installation Pro,Books,439.59,400
406,Reactive executive time-frame Standard,Clothing,218.33,144
407,Devolved motivating intranet Pro,Sports & Outdoors,824.04,48
408,Seamless upward-trending leverage Pro,Clothing,639.91,285
409,De-engineered solution-oriented instruction set Premium,Pet Supplies,204.0,75
410,User-friendly needs-based process improvement Pro,Home & Garden,901.54,35
411,Progressive intangible website Deluxe,Home & Garden,758.05,497
412,Front-line upward-trending access Basic,Automotive,353.49,150
413,Switchable client-driven capability Basic,Electronics,82.94,171
414,Distributed needs-based application Standard,Pet Supplies,14.37,82
415,Devolved client-server frame Basic,Sports & Outdoors,937.95,227
416,Profound global benchmark Pro,Health & Beauty,21.32,285
417,Business-focused human-resource Local Area Network Standard,Health & Beauty,776.77,40
418,Total systemic open system Premium,Food & Beverages,128.36,445
419,Focused incremental frame Deluxe,Food & Beverages,890.76,415
420,Operative mobile superstructure Standard,Automotive,324.51,214
421,Enhanced context-sensitive standardization Premium,Toys & Games,72.49,404
422,Phased secondary policy Basic,Automotive,393.39,422
423,Total empowering open system Deluxe,Pet Supplies,496.12,16
424,Function-based zero-defect customer loyalty Premium,Toys & Games,942.77,413
425,Cross-group dedicated open architecture Deluxe,Home & Garden,41.38,331
426,Reactive fresh-thinking attitude Basic,Food & Beverages,978.7,342
427,Expanded user-facing success Deluxe,Books,984.64,421
428,Compatible context-sensitive encoding Standard,Food & Beverages,269.42,226
429,Cross-group secondary initiative Basic,Food & Beverages,502.76,364
430,User-friendly local emulation Premium,Home & Garden,666.88,424
431,Re-engineered hybrid budgetary management Standard,Sports & Outdoors,90.24,278
432,Polarized bandwidth-monitored budgetary management Pro,Books,306.14,56
433,Managed hybrid workforce Basic,Electronics,420.23,313
434,Automated context-sensitive system engine Pro,Food & Beverages,306.6,99
435,Profound multimedia monitoring Pro,Home & Garden,649.55,140
436,Progressive interactive protocol Pro,Books,596.46,499
437,Total well-modulated core Premium,Home & Garden,112.48,236
438,Total zero administration database Standard,Automotive,452.16,363
439,Diverse coherent productivity Standard,Electronics,818.75,239
440,User-friendly background array Pro,Clothing,610.65,237
441,Cross-platform grid-enabled interface Deluxe,Books,273.79,404
442,Profound coherent alliance Standard,Clothing,167.63,355
443,Reverse-engineered multi-state emulation Premium,Clothing,865.23,288
444,Adaptive hybrid process improvement Basic,Health & Beauty,118.05,338
445,Enhanced uniform paradigm Standard,Books,474.54,20
446,Implemented even-keeled superstructure Premium,Sports & Outdoors,687.54,339
447,Self-enabling secondary knowledge user Standard,Sports & Outdoors,897.45,492
448,Down-sized global adapter Pro,Automotive,872.46,182
449,Fundamental mission-critical orchestration Deluxe,Pet Supplies,650.65,337
450,Cross-group local workforce Premium,Sports & Outdoors,532.63,281
451,Adaptive non-volatile throughput Deluxe,Health & Beauty,598.45,248
452,Re-engineered holistic database Pro,Health & Beauty,467.9,256
453,Managed 24/7 hierarchy Pro,Automotive,717.73,44
454,Fundamental 6thgeneration parallelism Pro,Home & Garden,972.54,84
455,Switchable logistical protocol Premium,Sports & Outdoors,695.06,45
456,Configurable zero-defect complexity Pro,Electronics,244.66,102
457,Automated mission-critical instruction set Pro,Toys & Games,119.5,186
458,Quality-focused 24/7 database Premium,Sports & Outdoors,105.62,456
459,Progressive bottom-line circuit Deluxe,Sports & Outdoors,455.15,191
460,Future-proofed actuating archive Premium,Pet Supplies,394.02,97
461,Mandatory local Internet solution Premium,Home & Garden,551.97,107
462,Expanded fault-tolerant application Pro,Health & Beauty,147.45,134
463,Networked upward-trending ability Standard,Toys & Games,456.96,169
464,Configurable tertiary hardware Deluxe,Electronics,773.15,317
465,Synchronized content-based standardization Standard,Books,667.85,443
466,Phased radical pricing structure Pro,Pet Supplies,785.55,416
467,Object-based dedicated complexity Premium,Electronics,704.23,260
468,Inverse user-facing encryption Standard,Pet Supplies,79.91,462
469,Multi-channeled web-enabled policy Deluxe,Books,582.64,145
470,Implemented 24/7 algorithm Deluxe,Food & Beverages,397.41,114
471,Cloned static application Basic,Books,112.87,179
472,Reduced secondary workforce Deluxe,Automotive,842.75,182
473,Cross-platform local orchestration Basic,Health & Beauty,155.35,112
474,Enterprise-wide tertiary Internet solution Basic,Books,897.71,459
475,Optimized discrete neural-net Premium,Sports & Outdoors,809.16,205
476,Realigned content-based knowledge user Pro,Food & Beverages,48.55,205
477,Right-sized transitional circuit Basic,Food & Beverages,804.43,392
478,Multi-layered zero-defect infrastructure Pro,Toys & Games,995.19,437
479,Implemented fault-tolerant groupware Basic,Food & Beverages,170.32,406
480,Expanded solution-oriented matrices Deluxe,Electronics,50.29,163
481,Future-proofed directional service-desk Premium,Automotive,747.69,288
482,Future-proofed cohesive budgetary management Deluxe,Sports & Outdoors,450.79,130
483,Exclusive dynamic frame Deluxe,Books,690.53,83
484,Streamlined systematic structure Basic,Automotive,315.8,371
485,Future-proofed asymmetric portal Basic,Electronics,688.99,198
486,Decentralized context-sensitive frame Basic,Books,461.22,82
487,Seamless value-added capacity Standard,Sports & Outdoors,307.96,415
488,Profit-focused optimal budgetary management Pro,Toys & Games,24.13,5
489,Grass-roots bandwidth-monitored focus group Pro,Home & Garden,151.0,48
490,Assimilated client-server hierarchy Premium,Food & Beverages,95.54,484
491,Customer-focused grid-enabled challenge Deluxe,Electronics,740.83,440
492,Optional hybrid artificial intelligence Pro,Toys & Games,90.46,228
493,Customizable bifurcated application Pro,Sports & Outdoors,331.05,43
494,User-friendly interactive interface Pro,Pet Supplies,662.19,159
495,Pre-emptive explicit flexibility Pro,Sports & Outdoors,490.01,319
496,Re-engineered executive conglomeration Basic,Food & Beverages,696.7,453
497,Synergistic zero administration paradigm Basic,Automotive,383.52,308
498,Organized zero administration archive Premium,Home & Garden,805.17,241
499,Horizontal multi-tasking analyzer Standard,Automotive,77.6,63
500,Configurable user-facing encryption Basic,Books,519.18,406
501,Cross-group local matrices Standard,Automotive,638.99,344
502,Multi-lateral stable migration Deluxe,Pet Supplies,243.97,327
503,Fundamental zero-defect product Standard,Automotive,727.4,186
504,User-centric responsive system engine Deluxe,Home & Garden,289.63,99
505,Organized regional neural-net Deluxe,Health & Beauty,790.31,104
506,Balanced multimedia secured line Standard,Home & Garden,816.82,326
507,Triple-buffered empowering process improvement Premium,Sports & Outdoors,594.4,18
508,Exclusive 5thgeneration alliance Pro,Sports & Outdoors,31.74,169
509,Sharable scalable database Basic,Books,101.69,362
510,Fully-configurable impactful circuit Basic,Food & Beverages,652.44,473
511,Extended optimizing paradigm Pro,Sports & Outdoors,391.77,324
512,Object-based mobile success Deluxe,Sports & Outdoors,707.73,262
513,Implemented optimal alliance Deluxe,Food & Beverages,345.41,459
514,Grass-roots web-enabled projection Premium,Food & Beverages,275.31,332
515,Advanced web-enabled info-mediaries Deluxe,Pet Supplies,510.9,23
516,Cross-group next generation migration Standard,Automotive,203.19,57
517,Enhanced dedicated concept Pro,Food & Beverages,383.81,117
518,Vision-oriented non-volatile help-desk Standard,Clothing,237.91,496
519,Customer-focused interactive groupware Standard,Toys & Games,411.23,86
520,Secured non-volatile ability Pro,Health & Beauty,38.84,222
521,Diverse modular parallelism Premium,Clothing,640.52,77
522,Configurable needs-based artificial intelligence Standard,Books,234.45,43
523,Programmable needs-based pricing structure Pro,Electronics,549.44,284
524,Front-line leadingedge help-desk Deluxe,Books,970.19,185
525,Mandatory attitude-oriented toolset Premium,Automotive,353.62,372
526,Switchable interactive infrastructure Standard,Health & Beauty,717.05,131
527,Function-based empowering strategy Basic,Automotive,256.6,322
528,Exclusive disintermediate open architecture Pro,Food & Beverages,814.93,117
529,Future-proofed maximized standardization Standard,Books,109.83,341
530,De-engineered bandwidth-monitored attitude Basic,Sports & Outdoors,625.92,270
531,Business-focused bandwidth-monitored orchestration Pro,Clothing,943.56,76
532,Assimilated interactive service-desk Deluxe,Sports & Outdoors,679.78,14
533,Mandatory grid-enabled time-frame Basic,Home & Garden,583.03,416
534,Polarized value-added help-desk Deluxe,Toys & Games,674.49,370
535,Exclusive national data-warehouse Pro,Clothing,331.99,239
536,Enterprise-wide systematic implementation Deluxe,Home & Garden,771.95,338
537,Object-based encompassing challenge Premium,Pet Supplies,853.0,421
538,Compatible dynamic infrastructure Pro,Clothing,627.15,153
539,Business-focused well-modulated function Pro,Food & Beverages,982.09,162
540,Operative upward-trending knowledgebase Standard,Pet Supplies,172.31,241
541,Adaptive interactive framework Premium,Home & Garden,389.71,445
542,Function-based contextually-based groupware Pro,Toys & Games,55.52,305
543,Open-architected human-resource budgetary management Basic,Automotive,212.49,233
544,Universal systematic strategy Basic,Automotive,101.8,154
545,Virtual full-range help-desk Basic,Pet Supplies,634.07,180
546,Ameliorated zero administration Local Area Network Pro,Toys & Games,763.53,243
547,Ergonomic eco-centric workforce Pro,Clothing,719.29,23
548,Expanded analyzing forecast Pro,Clothing,876.74,396
549,Open-architected incremental workforce Basic,Electronics,581.0,500
550,Pre-emptive 24/7 ability Deluxe,Automotive,114.58,472
551,Networked directional secured line Standard,Automotive,232.25,3
552,Open-source multi-state interface Basic,Clothing,649.85,386
553,Optimized maximized analyzer Premium,Automotive,177.46,370
554,Advanced uniform info-mediaries Pro,Health & Beauty,122.8,138
555,Pre-emptive foreground productivity Basic,Toys & Games,453.16,166
556,Reduced needs-based paradigm Basic,Electronics,756.25,211
557,Centralized context-sensitive throughput Standard,Pet Supplies,493.66,300
558,Monitored reciprocal interface Premium,Home & Garden,606.62,425
559,Enterprise-wide upward-trending synergy Pro,Health & Beauty,953.12,207
560,Upgradable intangible synergy Premium,Electronics,40.14,49
561,Up-sized fault-tolerant implementation Basic,Home & Garden,167.79,193
562,Up-sized directional installation Premium,Food & Beverages,114.25,424
563,Streamlined user-facing intranet Pro,Electronics,921.39,195
564,Vision-oriented 6thgeneration complexity Deluxe,Toys & Games,388.91,368
565,Distributed value-added monitoring Standard,Food & Beverages,514.68,425
566,Multi-tiered bandwidth-monitored approach Pro,Toys & Games,186.18,252
567,Multi-channeled real-time core Deluxe,Home & Garden,334.22,174
568,Streamlined executive concept Deluxe,Home & Garden,267.87,493
569,Diverse multimedia service-desk Deluxe,Home & Garden,794.59,58
570,Re-engineered systematic groupware Pro,Food & Beverages,304.22,287
571,Extended explicit concept Premium,Automotive,588.86,347
572,Adaptive 5thgeneration methodology Basic,Clothing,257.24,198
573,Organized full-range model Basic,Food & Beverages,195.88,301
574,Open-architected static model Premium,Electronics,676.41,310
575,Adaptive exuding core Deluxe,Books,430.09,325
576,Synergized incremental secured line Basic,Home & Garden,67.78,452
577,Triple-buffered real-time initiative Basic,Toys & Games,794.26,59
578,Switchable exuding superstructure Deluxe,Electronics,385.42,342
579,Horizontal client-server Internet solution Premium,Sports & Outdoors,55.83,149
580,Public-key eco-centric protocol Deluxe,Electronics,761.36,175
581,Adaptive mobile architecture Standard,Books,571.74,333
582,Monitored needs-based policy Deluxe,Toys & Games,946.12,414
583,Extended directional concept Pro,Books,424.17,30
584,Adaptive motivating system engine Deluxe,Home & Garden,77.46,435
585,Synergistic holistic application Premium,Automotive,734.64,56
586,Devolved intangible initiative Deluxe,Health & Beauty,290.76,217
587,Persevering executive throughput Basic,Clothing,287.77,292
588,Digitized zero-defect monitoring Basic,Electronics,606.37,317
589,Compatible attitude-oriented knowledge user Basic,Food & Beverages,428.55,307
590,Multi-channeled didactic project Standard,Food & Beverages,638.59,5
591,Focused analyzing function Basic,Books,36.82,47
592,Configurable even-keeled alliance Basic,Home & Garden,270.08,100
593,Re-contextualized multi-state matrix Standard,Books,258.2,382
594,Diverse reciprocal pricing structure Standard,Home & Garden,436.6,385
595,Reactive asynchronous database Pro,Automotive,94.87,437
596,Quality-focused user-facing help-desk Premium,Automotive,621.11,313
597,Fundamental leadingedge support Pro,Toys & Games,178.94,122
598,Up-sized holistic artificial intelligence Basic,Automotive,680.11,438
599,Virtual encompassing extranet Deluxe,Home & Garden,47.4,116
600,Multi-lateral executive matrices Standard,Sports & Outdoors,614.94,234
601,Profit-focused object-oriented knowledgebase Standard,Automotive,772.45,152
602,Up-sized actuating open architecture Premium,Electronics,690.4,6
603,Networked mobile synergy Premium,Sports & Outdoors,514.32,198
604,Vision-oriented coherent projection Premium,Clothing,862.49,23
605,Face-to-face contextually-based firmware Standard,Books,487.38,314
606,Re-contextualized grid-enabled infrastructure Deluxe,Clothing,268.28,192
607,Up-sized web-enabled hierarchy Basic,Books,707.09,179
608,User-friendly foreground infrastructure Basic,Health & Beauty,961.05,76
609,Extended client-driven interface Deluxe,Electronics,421.66,269
610,Mandatory 3rdgeneration ability Deluxe,Toys & Games,162.43,157
611,Phased 24hour Internet solution Deluxe,Clothing,343.75,457
612,Organic optimal synergy Standard,Food & Beverages,853.44,371
613,Re-engineered zero-defect algorithm Standard,Automotive,960.51,253
614,Distributed next generation firmware Basic,Pet Supplies,894.51,422
615,Stand-alone non-volatile superstructure Premium,Automotive,916.22,119
616,Profit-focused coherent Graphical User Interface Basic,Food & Beverages,389.06,498
617,Public-key object-oriented focus group Standard,Clothing,508.29,33
618,Polarized responsive protocol Pro,Books,245.31,345
619,Face-to-face attitude-oriented paradigm Deluxe,Pet Supplies,87.13,66
620,Future-proofed mission-critical implementation Pro,Electronics,703.79,203
621,Managed motivating frame Premium,Clothing,262.89,143
622,Automated executive paradigm Deluxe,Pet Supplies,126.36,254
623,Progressive global conglomeration Basic,Toys & Games,222.4,3
624,Quality-focused methodical challenge Standard,Electronics,366.38,238
625,Cross-group neutral firmware Basic,Food & Beverages,856.37,469
626,Enterprise-wide demand-driven solution Deluxe,Sports & Outdoors,76.63,415
627,Advanced web-enabled circuit Basic,Toys & Games,324.75,27
628,Intuitive multi-tasking functionalities Deluxe,Home & Garden,60.46,388
629,Synchronized homogeneous architecture Pro,Home & Garden,387.01,117
630,Robust explicit core Deluxe,Home & Garden,258.17,49
631,Decentralized optimizing infrastructure Premium,Health & Beauty,127.71,412
632,Synchronized reciprocal initiative Standard,Home & Garden,378.38,36
633,Diverse client-driven forecast Pro,Clothing,750.26,440
634,Business-focused analyzing frame Basic,Health & Beauty,522.96,486
635,Team-oriented secondary projection Standard,Toys & Games,700.55,277
636,Team-oriented interactive attitude Deluxe,Toys & Games,546.64,222
637,Business-focused intermediate approach Premium,Books,977.39,489
638,Fundamental 5thgeneration toolset Premium,Clothing,607.87,174
639,Switchable leadingedge adapter Standard,Food & Beverages,858.29,224
640,Innovative 24hour workforce Premium,Toys & Games,633.49,237
641,User-friendly non-volatile model Standard,Pet Supplies,357.1,95
642,Distributed web-enabled interface Premium,Clothing,938.16,155
643,Multi-layered regional standardization Deluxe,Sports & Outdoors,840.71,281
644,Inverse disintermediate success Basic,Sports & Outdoors,611.44,402
645,Organic value-added Internet solution Premium,Clothing,327.75,204
646,Open-architected upward-trending superstructure Basic,Clothing,682.46,459
647,Stand-alone content-based neural-net Deluxe,Clothing,467.15,105
648,Multi-tiered scalable intranet Standard,Sports & Outdoors,512.84,441
649,Mandatory zero administration parallelism Standard,Toys & Games,527.66,303
650,Progressive mobile project Standard,Health & Beauty,584.14,451
651,Robust needs-based hub Deluxe,Pet Supplies,745.32,142
652,Horizontal tangible benchmark Standard,Sports & Outdoors,246.99,267
653,Horizontal clear-thinking groupware Premium,Health & Beauty,989.15,192
654,Total even-keeled knowledge user Standard,Food & Beverages,940.91,89
655,Robust explicit adapter Standard,Toys & Games,230.43,171
656,Adaptive human-resource complexity Pro,Sports & Outdoors,820.9,334
657,Multi-layered next generation capability Basic,Health & Beauty,569.61,19
658,Ergonomic encompassing attitude Pro,Health & Beauty,959.49,198
659,Multi-tiered exuding productivity Deluxe,Toys & Games,621.45,400
660,Fully-configurable human-resource knowledge user Premium,Toys & Games,444.68,65
661,Switchable logistical budgetary management Deluxe,Sports & Outdoors,569.66,149
662,Triple-buffered contextually-based structure Premium,Automotive,630.33,157
663,Diverse zero tolerance standardization Premium,Toys & Games,754.82,433
664,Re-engineered local policy Premium,Home & Garden,309.51,362
665,Robust upward-trending definition Premium,Food & Beverages,842.79,465
666,Horizontal multimedia installation Premium,Clothing,120.88,394
667,Open-source zero-defect moderator Premium,Pet Supplies,32.13,344
668,Down-sized 5thgeneration archive Premium,Electronics,831.93,446
669,Upgradable empowering firmware Basic,Health & Beauty,221.74,108
670,Advanced empowering instruction set Basic,Pet Supplies,666.02,301
671,Organic optimal open architecture Pro,Clothing,416.88,413
672,Assimilated uniform encoding Premium,Food & Beverages,313.18,263
673,Fundamental context-sensitive access Deluxe,Sports & Outdoors,71.82,46
674,Quality-focused zero-defect application Pro,Pet Supplies,729.28,276
675,Open-architected homogeneous definition Standard,Electronics,923.45,390
676,Vision-oriented national hub Basic,Pet Supplies,284.55,270
677,Total national projection Deluxe,Toys & Games,826.59,354
678,Up-sized context-sensitive superstructure Deluxe,Health & Beauty,54.48,176
679,Compatible real-time toolset Premium,Books,709.98,28
680,Diverse heuristic benchmark Basic,Toys & Games,944.76,38
681,Progressive logistical knowledgebase Premium,Pet Supplies,97.3,331
682,Mandatory actuating open architecture Basic,Sports & Outdoors,355.09,133
683,Horizontal leadingedge collaboration Deluxe,Electronics,204.61,414
684,Open-source context-sensitive database Pro,Books,89.08,389
685,Profound web-enabled system engine Premium,Home & Garden,542.45,328
686,Exclusive even-keeled productivity Basic,Health & Beauty,489.62,248
687,Grass-roots next generation customer loyalty Basic,Home & Garden,934.43,350
688,Seamless analyzing leverage Pro,Food & Beverages,927.65,147
689,Public-key fresh-thinking hardware Standard,Food & Beverages,944.84,246
690,Compatible composite Graphic Interface Basic,Home & Garden,554.36,5
691,Configurable non-volatile functionalities Basic,Electronics,151.57,483
692,Vision-oriented incremental productivity Premium,Automotive,165.93,437
693,Vision-oriented user-facing matrices Standard,Home & Garden,979.52,171
694,Reactive intermediate hub Standard,Home & Garden,571.27,80
695,Synergized regional open system Deluxe,Home & Garden,80.95,174
696,Stand-alone optimizing middleware Pro,Food & Beverages,905.95,267
697,Cross-group didactic throughput Basic,Automotive,109.64,358
698,Proactive next generation Graphic Interface Deluxe,Sports & Outdoors,601.68,364
699,Stand-alone motivating secured line Pro,Electronics,94.24,378
700,Right-sized mobile methodology Pro,Health & Beauty,493.15,95
701,Exclusive leadingedge parallelism Premium,Home & Garden,595.42,263
702,Persistent object-oriented monitoring Basic,Toys & Games,362.87,245
703,Realigned scalable array Deluxe,Automotive,552.43,425
704,Fundamental bi-directional firmware Deluxe,Books,793.69,182
705,Public-key context-sensitive benchmark Standard,Books,77.54,86
706,Mandatory holistic flexibility Basic,Books,771.28,378
707,Visionary high-level forecast Premium,Clothing,903.71,94
708,Networked solution-oriented portal Pro,Electronics,491.8,436
709,Profit-focused encompassing hub Basic,Books,606.64,149
710,Devolved tertiary structure Deluxe,Food & Beverages,538.86,263
711,Multi-lateral grid-enabled secured line Premium,Health & Beauty,950.69,491
712,Cross-group 24/7 structure Standard,Food & Beverages,330.59,397
713,Business-focused multi-state system engine Deluxe,Electronics,610.72,302
714,User-centric explicit time-frame Pro,Health & Beauty,705.87,203
715,Persistent attitude-oriented capability Pro,Food & Beverages,925.05,374
716,Upgradable needs-based secured line Basic,Books,200.69,209
717,Grass-roots fresh-thinking database Pro,Pet Supplies,926.49,245
718,Down-sized optimizing knowledge user Premium,Toys & Games,978.07,107
719,Enterprise-wide motivating migration Deluxe,Food & Beverages,701.33,288
720,Synergistic demand-driven leverage Premium,Home & Garden,236.14,56
721,Grass-roots optimal intranet Pro,Home & Garden,637.9,94
722,Integrated web-enabled solution Premium,Books,536.32,238
723,Down-sized solution-oriented extranet Deluxe,Sports & Outdoors,262.82,213
724,Sharable hybrid encryption Premium,Clothing,576.24,282
725,Integrated secondary collaboration Standard,Automotive,432.18,263
726,Team-oriented eco-centric circuit Deluxe,Toys & Games,924.86,341
727,Future-proofed neutral Internet solution Premium,Home & Garden,989.64,452
728,Multi-channeled optimal collaboration Basic,Automotive,398.53,105
729,Intuitive reciprocal emulation Pro,Food & Beverages,682.6,303
730,Integrated background budgetary management Premium,Electronics,417.8,135
731,Streamlined motivating service-desk Pro,Books,60.71,273
732,Optional motivating Local Area Network Deluxe,Automotive,378.36,37
733,Enterprise-wide impactful circuit Basic,Books,954.19,293
734,Multi-layered client-driven support Premium,Books,648.19,134
735,Proactive bi-directional intranet Deluxe,Home & Garden,222.81,472
736,Focused explicit core Basic,Sports & Outdoors,273.27,409
737,Reactive holistic encoding Standard,Clothing,890.73,44
738,Grass-roots value-added infrastructure Pro,Health & Beauty,748.85,314
739,Upgradable demand-driven adapter Premium,Electronics,721.55,58
740,Devolved dynamic model Standard,Automotive,467.16,74
741,Expanded heuristic strategy Premium,Automotive,819.23,5
742,Fully-configurable optimal moderator Premium,Sports & Outdoors,104.31,277
743,Devolved multi-state synergy Basic,Books,68.15,82
744,Monitored logistical moderator Pro,Automotive,84.71,42
745,Object-based systemic emulation Basic,Electronics,33.63,364
746,Reduced disintermediate project Basic,Toys & Games,883.84,165
747,Balanced explicit middleware Standard,Health & Beauty,643.72,179
748,Organic user-facing intranet Premium,Books,841.7,161
749,Team-oriented optimal productivity Standard,Books,594.81,399
750,Synergistic bi-directional attitude Premium,Toys & Games,798.72,114
751,Ameliorated bi-directional success Basic,Books,461.12,366
752,Quality-focused value-added conglomeration Premium,Health & Beauty,431.7,210
753,Centralized even-keeled protocol Deluxe,Automotive,111.21,217
754,Fully-configurable local hierarchy Pro,Food & Beverages,320.75,179
755,Diverse dedicated data-warehouse Deluxe,Toys & Games,877.93,158
756,Ameliorated interactive task-force Deluxe,Health & Beauty,794.51,481
757,Right-sized mission-critical function Pro,Pet Supplies,542.91,401
758,Centralized actuating open architecture Deluxe,Pet Supplies,217.51,206
759,Distributed systematic infrastructure Standard,Pet Supplies,709.36,365
760,Upgradable global algorithm Premium,Toys & Games,68.47,414
761,Ergonomic eco-centric approach Standard,Food & Beverages,976.91,243
762,Adaptive transitional complexity Pro,Home & Garden,460.02,5
763,Devolved 6thgeneration encoding Standard,Clothing,56.64,327
764,Enterprise-wide 4thgeneration system engine Basic,Toys & Games,333.38,122
765,Cloned content-based model Basic,Food & Beverages,612.92,378
766,Inverse homogeneous array Standard,Food & Beverages,809.86,140
767,De-engineered context-sensitive archive Standard,Toys & Games,209.47,454
768,Innovative bi-directional monitoring Pro,Books,439.04,296
769,Persistent 24/7 customer loyalty Deluxe,Toys & Games,580.37,6
770,User-centric mission-critical utilization Premium,Toys & Games,951.17,35
771,Realigned local methodology Standard,Health & Beauty,304.98,223
772,Cloned optimizing database Pro,Books,97.3,93
773,User-centric directional extranet Premium,Clothing,119.81,223
774,Phased 5thgeneration algorithm Pro,Books,870.52,496
775,Extended logistical solution Premium,Electronics,861.5,129
776,Universal stable knowledgebase Basic,Health & Beauty,955.54,231
777,Function-based maximized adapter Deluxe,Toys & Games,397.22,473
778,Cross-platform even-keeled collaboration Pro,Books,467.58,2
779,Optional heuristic open architecture Pro,Home & Garden,187.1,296
780,Versatile hybrid core Basic,Pet Supplies,797.49,418
781,Down-sized full-range middleware Basic,Health & Beauty,219.1,131
782,Visionary asymmetric intranet Standard,Electronics,276.36,204
783,Open-source secondary open architecture Basic,Health & Beauty,321.46,350
784,Integrated mobile workforce Basic,Food & Beverages,182.75,435
785,Multi-channeled secondary monitoring Pro,Books,316.09,4
786,Future-proofed incremental definition Premium,Clothing,15.83,495
787,Open-architected logistical data-warehouse Standard,Home & Garden,799.03,215
788,Realigned bi-directional secured line Deluxe,Pet Supplies,688.06,55
789,Visionary executive firmware Basic,Sports & Outdoors,282.53,248
790,Organized actuating hub Basic,Home & Garden,286.17,311
791,Quality-focused radical open architecture Deluxe,Health & Beauty,323.26,341
792,Front-line regional toolset Premium,Automotive,896.71,270
793,Open-architected client-server utilization Deluxe,Home & Garden,22.8,373
794,Multi-layered intermediate hardware Pro,Sports & Outdoors,556.28,412
795,Face-to-face dynamic superstructure Basic,Food & Beverages,806.17,280
796,Extended background monitoring Basic,Electronics,142.86,330
797,Versatile human-resource extranet Pro,Home & Garden,290.92,220
798,Extended 5thgeneration product Deluxe,Toys & Games,119.52,150
799,Diverse user-facing pricing structure Basic,Toys & Games,34.59,97
800,Organic 24/7 projection Standard,Sports & Outdoors,516.99,165
